<annotation>
  <filename>1001.jpg</filename>
  <size>
    <width>960</width>
    <height>540</height>
    <depth>3</depth>
  </size>
  <object>
    <name>pedestrian</name>
    <bndbox>
      <xmin>872</xmin>
      <ymin>68</ymin>
      <xmax>911</xmax>
      <ymax>154</ymax>
    </bndbox>
  </object>
  <object>
    <name>pedestrian</name>
    <bndbox>
      <xmin>122</xmin>
      <ymin>321</ymin>
      <xmax>184</xmax>
      <ymax>468</ymax>
    </bndbox>
  </object>
  <object>
    <name>pedestrian</name>
    <bndbox>
      <xmin>174</xmin>
      <ymin>264</ymin>
      <xmax>227</xmax>
      <ymax>397</ymax>
    </bndbox>
  </object>
  <object>
    <name>pedestrian</name>
    <bndbox>
      <xmin>180</xmin>
      <ymin>117</ymin>
      <xmax>218</xmax>
      <ymax>211</ymax>
    </bndbox>
  </object>
  <object>
    <name>pedestrian</name>
    <bndbox>
      <xmin>160</xmin>
      <ymin>115</ymin>
      <xmax>199</xmax>
      <ymax>209</ymax>
    </bndbox>
  </object>
  <object>
    <name>pedestrian</name>
    <bndbox>
      <xmin>114</xmin>
      <ymin>225</ymin>
      <xmax>166</xmax>
      <ymax>347</ymax>
    </bndbox>
  </object>
  <object>
    <name>pedestrian</name>
    <bndbox>
      <xmin>814</xmin>
      <ymin>232</ymin>
      <xmax>863</xmax>
      <ymax>359</ymax>
    </bndbox>
  </object>
  <object>
    <name>pedestrian</name>
    <bndbox>
      <xmin>132</xmin>
      <ymin>147</ymin>
      <xmax>175</xmax>
      <ymax>248</ymax>
    </bndbox>
  </object>
  <object>
    <name>pedestrian</name>
    <bndbox>
      <xmin>476</xmin>
      <ymin>1</ymin>
      <xmax>499</xmax>
      <ymax>65</ymax>
    </bndbox>
  </object>
</annotation>
