<annotation>
  <filename>1048.jpg</filename>
  <size>
    <width>960</width>
    <height>540</height>
    <depth>3</depth>
  </size>
  <object>
    <name>pedestrian</name>
    <bndbox>
      <xmin>872</xmin>
      <ymin>67</ymin>
      <xmax>911</xmax>
      <ymax>154</ymax>
    </bndbox>
  </object>
  <object>
    <name>pedestrian</name>
    <bndbox>
      <xmin>61</xmin>
      <ymin>159</ymin>
      <xmax>110</xmax>
      <ymax>264</ymax>
    </bndbox>
  </object>
  <object>
    <name>pedestrian</name>
    <bndbox>
      <xmin>47</xmin>
      <ymin>159</ymin>
      <xmax>97</xmax>
      <ymax>264</ymax>
    </bndbox>
  </object>
  <object>
    <name>pedestrian</name>
    <bndbox>
      <xmin>156</xmin>
      <ymin>187</ymin>
      <xmax>202</xmax>
      <ymax>298</ymax>
    </bndbox>
  </object>
  <object>
    <name>pedestrian</name>
    <bndbox>
      <xmin>841</xmin>
      <ymin>189</ymin>
      <xmax>888</xmax>
      <ymax>306</ymax>
    </bndbox>
  </object>
  <object>
    <name>pedestrian</name>
    <bndbox>
      <xmin>256</xmin>
      <ymin>104</ymin>
      <xmax>290</xmax>
      <ymax>195</ymax>
    </bndbox>
  </object>
  <object>
    <name>pedestrian</name>
    <bndbox>
      <xmin>441</xmin>
      <ymin>15</ymin>
      <xmax>466</xmax>
      <ymax>82</ymax>
    </bndbox>
  </object>
  <object>
    <name>pedestrian</name>
    <bndbox>
      <xmin>646</xmin>
      <ymin>489</ymin>
      <xmax>710</xmax>
      <ymax>688</ymax>
    </bndbox>
  </object>
</annotation>
