<annotation>
  <filename>1246.jpg</filename>
  <size>
    <width>960</width>
    <height>540</height>
    <depth>3</depth>
  </size>
  <object>
    <name>pedestrian</name>
    <bndbox>
      <xmin>878</xmin>
      <ymin>65</ymin>
      <xmax>918</xmax>
      <ymax>151</ymax>
    </bndbox>
  </object>
  <object>
    <name>pedestrian</name>
    <bndbox>
      <xmin>199</xmin>
      <ymin>158</ymin>
      <xmax>240</xmax>
      <ymax>263</ymax>
    </bndbox>
  </object>
  <object>
    <name>pedestrian</name>
    <bndbox>
      <xmin>541</xmin>
      <ymin>-5</ymin>
      <xmax>563</xmax>
      <ymax>58</ymax>
    </bndbox>
  </object>
  <object>
    <name>pedestrian</name>
    <bndbox>
      <xmin>201</xmin>
      <ymin>91</ymin>
      <xmax>236</xmax>
      <ymax>178</ymax>
    </bndbox>
  </object>
  <object>
    <name>pedestrian</name>
    <bndbox>
      <xmin>819</xmin>
      <ymin>216</ymin>
      <xmax>867</xmax>
      <ymax>339</ymax>
    </bndbox>
  </object>
  <object>
    <name>pedestrian</name>
    <bndbox>
      <xmin>857</xmin>
      <ymin>222</ymin>
      <xmax>909</xmax>
      <ymax>347</ymax>
    </bndbox>
  </object>
  <object>
    <name>pedestrian</name>
    <bndbox>
      <xmin>300</xmin>
      <ymin>91</ymin>
      <xmax>332</xmax>
      <ymax>179</ymax>
    </bndbox>
  </object>
  <object>
    <name>pedestrian</name>
    <bndbox>
      <xmin>797</xmin>
      <ymin>253</ymin>
      <xmax>847</xmax>
      <ymax>386</ymax>
    </bndbox>
  </object>
  <object>
    <name>pedestrian</name>
    <bndbox>
      <xmin>883</xmin>
      <ymin>250</ymin>
      <xmax>939</xmax>
      <ymax>383</ymax>
    </bndbox>
  </object>
  <object>
    <name>pedestrian</name>
    <bndbox>
      <xmin>766</xmin>
      <ymin>182</ymin>
      <xmax>807</xmax>
      <ymax>295</ymax>
    </bndbox>
  </object>
  <object>
    <name>pedestrian</name>
    <bndbox>
      <xmin>338</xmin>
      <ymin>61</ymin>
      <xmax>368</xmax>
      <ymax>141</ymax>
    </bndbox>
  </object>
  <object>
    <name>pedestrian</name>
    <bndbox>
      <xmin>823</xmin>
      <ymin>178</ymin>
      <xmax>868</xmax>
      <ymax>292</ymax>
    </bndbox>
  </object>
  <object>
    <name>pedestrian</name>
    <bndbox>
      <xmin>397</xmin>
      <ymin>42</ymin>
      <xmax>424</xmax>
      <ymax>117</ymax>
    </bndbox>
  </object>
  <object>
    <name>pedestrian</name>
    <bndbox>
      <xmin>240</xmin>
      <ymin>166</ymin>
      <xmax>281</xmax>
      <ymax>274</ymax>
    </bndbox>
  </object>
  <object>
    <name>pedestrian</name>
    <bndbox>
      <xmin>819</xmin>
      <ymin>51</ymin>
      <xmax>852</xmax>
      <ymax>132</ymax>
    </bndbox>
  </object>
  <object>
    <name>pedestrian</name>
    <bndbox>
      <xmin>183</xmin>
      <ymin>170</ymin>
      <xmax>226</xmax>
      <ymax>277</ymax>
    </bndbox>
  </object>
  <object>
    <name>pedestrian</name>
    <bndbox>
      <xmin>127</xmin>
      <ymin>162</ymin>
      <xmax>172</xmax>
      <ymax>267</ymax>
    </bndbox>
  </object>
  <object>
    <name>pedestrian</name>
    <bndbox>
      <xmin>575</xmin>
      <ymin>376</ymin>
      <xmax>628</xmax>
      <ymax>538</ymax>
    </bndbox>
  </object>
  <object>
    <name>pedestrian</name>
    <bndbox>
      <xmin>76</xmin>
      <ymin>154</ymin>
      <xmax>123</xmax>
      <ymax>258</ymax>
    </bndbox>
  </object>
  <object>
    <name>pedestrian</name>
    <bndbox>
      <xmin>897</xmin>
      <ymin>76</ymin>
      <xmax>939</xmax>
      <ymax>166</ymax>
    </bndbox>
  </object>
</annotation>
