<annotation>
  <filename>127.jpg</filename>
  <size>
    <width>960</width>
    <height>540</height>
    <depth>3</depth>
  </size>
  <object>
    <name>pedestrian</name>
    <bndbox>
      <xmin>342</xmin>
      <ymin>41</ymin>
      <xmax>370</xmax>
      <ymax>115</ymax>
    </bndbox>
  </object>
  <object>
    <name>pedestrian</name>
    <bndbox>
      <xmin>540</xmin>
      <ymin>37</ymin>
      <xmax>566</xmax>
      <ymax>111</ymax>
    </bndbox>
  </object>
  <object>
    <name>pedestrian</name>
    <bndbox>
      <xmin>566</xmin>
      <ymin>44</ymin>
      <xmax>591</xmax>
      <ymax>121</ymax>
    </bndbox>
  </object>
  <object>
    <name>pedestrian</name>
    <bndbox>
      <xmin>109</xmin>
      <ymin>420</ymin>
      <xmax>180</xmax>
      <ymax>598</ymax>
    </bndbox>
  </object>
  <object>
    <name>pedestrian</name>
    <bndbox>
      <xmin>555</xmin>
      <ymin>253</ymin>
      <xmax>596</xmax>
      <ymax>385</ymax>
    </bndbox>
  </object>
  <object>
    <name>pedestrian</name>
    <bndbox>
      <xmin>838</xmin>
      <ymin>1</ymin>
      <xmax>869</xmax>
      <ymax>71</ymax>
    </bndbox>
  </object>
  <object>
    <name>pedestrian</name>
    <bndbox>
      <xmin>566</xmin>
      <ymin>-4</ymin>
      <xmax>588</xmax>
      <ymax>59</ymax>
    </bndbox>
  </object>
  <object>
    <name>pedestrian</name>
    <bndbox>
      <xmin>471</xmin>
      <ymin>25</ymin>
      <xmax>496</xmax>
      <ymax>95</ymax>
    </bndbox>
  </object>
  <object>
    <name>pedestrian</name>
    <bndbox>
      <xmin>836</xmin>
      <ymin>283</ymin>
      <xmax>891</xmax>
      <ymax>425</ymax>
    </bndbox>
  </object>
  <object>
    <name>pedestrian</name>
    <bndbox>
      <xmin>-4</xmin>
      <ymin>257</ymin>
      <xmax>60</xmax>
      <ymax>389</ymax>
    </bndbox>
  </object>
</annotation>
