<annotation>
  <filename>1316.jpg</filename>
  <size>
    <width>960</width>
    <height>540</height>
    <depth>3</depth>
  </size>
  <object>
    <name>pedestrian</name>
    <bndbox>
      <xmin>883</xmin>
      <ymin>60</ymin>
      <xmax>923</xmax>
      <ymax>145</ymax>
    </bndbox>
  </object>
  <object>
    <name>pedestrian</name>
    <bndbox>
      <xmin>76</xmin>
      <ymin>131</ymin>
      <xmax>121</xmax>
      <ymax>228</ymax>
    </bndbox>
  </object>
  <object>
    <name>pedestrian</name>
    <bndbox>
      <xmin>874</xmin>
      <ymin>162</ymin>
      <xmax>922</xmax>
      <ymax>273</ymax>
    </bndbox>
  </object>
  <object>
    <name>pedestrian</name>
    <bndbox>
      <xmin>390</xmin>
      <ymin>60</ymin>
      <xmax>419</xmax>
      <ymax>140</ymax>
    </bndbox>
  </object>
  <object>
    <name>pedestrian</name>
    <bndbox>
      <xmin>848</xmin>
      <ymin>197</ymin>
      <xmax>896</xmax>
      <ymax>315</ymax>
    </bndbox>
  </object>
  <object>
    <name>pedestrian</name>
    <bndbox>
      <xmin>753</xmin>
      <ymin>266</ymin>
      <xmax>802</xmax>
      <ymax>402</ymax>
    </bndbox>
  </object>
  <object>
    <name>pedestrian</name>
    <bndbox>
      <xmin>232</xmin>
      <ymin>101</ymin>
      <xmax>267</xmax>
      <ymax>191</ymax>
    </bndbox>
  </object>
  <object>
    <name>pedestrian</name>
    <bndbox>
      <xmin>764</xmin>
      <ymin>229</ymin>
      <xmax>810</xmax>
      <ymax>355</ymax>
    </bndbox>
  </object>
  <object>
    <name>pedestrian</name>
    <bndbox>
      <xmin>291</xmin>
      <ymin>75</ymin>
      <xmax>322</xmax>
      <ymax>158</ymax>
    </bndbox>
  </object>
  <object>
    <name>pedestrian</name>
    <bndbox>
      <xmin>359</xmin>
      <ymin>118</ymin>
      <xmax>394</xmax>
      <ymax>214</ymax>
    </bndbox>
  </object>
  <object>
    <name>pedestrian</name>
    <bndbox>
      <xmin>827</xmin>
      <ymin>87</ymin>
      <xmax>864</xmax>
      <ymax>177</ymax>
    </bndbox>
  </object>
  <object>
    <name>pedestrian</name>
    <bndbox>
      <xmin>320</xmin>
      <ymin>123</ymin>
      <xmax>356</xmax>
      <ymax>220</ymax>
    </bndbox>
  </object>
  <object>
    <name>pedestrian</name>
    <bndbox>
      <xmin>234</xmin>
      <ymin>118</ymin>
      <xmax>270</xmax>
      <ymax>212</ymax>
    </bndbox>
  </object>
  <object>
    <name>pedestrian</name>
    <bndbox>
      <xmin>243</xmin>
      <ymin>424</ymin>
      <xmax>309</xmax>
      <ymax>598</ymax>
    </bndbox>
  </object>
  <object>
    <name>pedestrian</name>
    <bndbox>
      <xmin>210</xmin>
      <ymin>110</ymin>
      <xmax>246</xmax>
      <ymax>202</ymax>
    </bndbox>
  </object>
  <object>
    <name>pedestrian</name>
    <bndbox>
      <xmin>832</xmin>
      <ymin>125</ymin>
      <xmax>872</xmax>
      <ymax>225</ymax>
    </bndbox>
  </object>
  <object>
    <name>pedestrian</name>
    <bndbox>
      <xmin>863</xmin>
      <ymin>130</ymin>
      <xmax>907</xmax>
      <ymax>232</ymax>
    </bndbox>
  </object>
  <object>
    <name>pedestrian</name>
    <bndbox>
      <xmin>142</xmin>
      <ymin>140</ymin>
      <xmax>184</xmax>
      <ymax>240</ymax>
    </bndbox>
  </object>
  <object>
    <name>pedestrian</name>
    <bndbox>
      <xmin>228</xmin>
      <ymin>282</ymin>
      <xmax>281</xmax>
      <ymax>420</ymax>
    </bndbox>
  </object>
  <object>
    <name>pedestrian</name>
    <bndbox>
      <xmin>225</xmin>
      <ymin>142</ymin>
      <xmax>264</xmax>
      <ymax>243</ymax>
    </bndbox>
  </object>
  <object>
    <name>pedestrian</name>
    <bndbox>
      <xmin>889</xmin>
      <ymin>105</ymin>
      <xmax>933</xmax>
      <ymax>202</ymax>
    </bndbox>
  </object>
  <object>
    <name>pedestrian</name>
    <bndbox>
      <xmin>10</xmin>
      <ymin>210</ymin>
      <xmax>68</xmax>
      <ymax>328</ymax>
    </bndbox>
  </object>
</annotation>
