<annotation>
  <filename>1561.jpg</filename>
  <size>
    <width>960</width>
    <height>540</height>
    <depth>3</depth>
  </size>
  <object>
    <name>pedestrian</name>
    <bndbox>
      <xmin>781</xmin>
      <ymin>53</ymin>
      <xmax>813</xmax>
      <ymax>134</ymax>
    </bndbox>
  </object>
  <object>
    <name>pedestrian</name>
    <bndbox>
      <xmin>824</xmin>
      <ymin>67</ymin>
      <xmax>859</xmax>
      <ymax>152</ymax>
    </bndbox>
  </object>
  <object>
    <name>pedestrian</name>
    <bndbox>
      <xmin>591</xmin>
      <ymin>12</ymin>
      <xmax>614</xmax>
      <ymax>79</ymax>
    </bndbox>
  </object>
  <object>
    <name>pedestrian</name>
    <bndbox>
      <xmin>837</xmin>
      <ymin>335</ymin>
      <xmax>898</xmax>
      <ymax>492</ymax>
    </bndbox>
  </object>
  <object>
    <name>pedestrian</name>
    <bndbox>
      <xmin>559</xmin>
      <ymin>12</ymin>
      <xmax>582</xmax>
      <ymax>79</ymax>
    </bndbox>
  </object>
  <object>
    <name>pedestrian</name>
    <bndbox>
      <xmin>527</xmin>
      <ymin>14</ymin>
      <xmax>551</xmax>
      <ymax>82</ymax>
    </bndbox>
  </object>
  <object>
    <name>pedestrian</name>
    <bndbox>
      <xmin>507</xmin>
      <ymin>12</ymin>
      <xmax>531</xmax>
      <ymax>79</ymax>
    </bndbox>
  </object>
  <object>
    <name>pedestrian</name>
    <bndbox>
      <xmin>650</xmin>
      <ymin>23</ymin>
      <xmax>674</xmax>
      <ymax>93</ymax>
    </bndbox>
  </object>
  <object>
    <name>pedestrian</name>
    <bndbox>
      <xmin>431</xmin>
      <ymin>50</ymin>
      <xmax>459</xmax>
      <ymax>128</ymax>
    </bndbox>
  </object>
  <object>
    <name>pedestrian</name>
    <bndbox>
      <xmin>693</xmin>
      <ymin>467</ymin>
      <xmax>757</xmax>
      <ymax>661</ymax>
    </bndbox>
  </object>
  <object>
    <name>pedestrian</name>
    <bndbox>
      <xmin>339</xmin>
      <ymin>45</ymin>
      <xmax>367</xmax>
      <ymax>120</ymax>
    </bndbox>
  </object>
  <object>
    <name>pedestrian</name>
    <bndbox>
      <xmin>889</xmin>
      <ymin>158</ymin>
      <xmax>938</xmax>
      <ymax>268</ymax>
    </bndbox>
  </object>
  <object>
    <name>pedestrian</name>
    <bndbox>
      <xmin>494</xmin>
      <ymin>76</ymin>
      <xmax>523</xmax>
      <ymax>161</ymax>
    </bndbox>
  </object>
  <object>
    <name>pedestrian</name>
    <bndbox>
      <xmin>800</xmin>
      <ymin>258</ymin>
      <xmax>851</xmax>
      <ymax>392</ymax>
    </bndbox>
  </object>
  <object>
    <name>pedestrian</name>
    <bndbox>
      <xmin>272</xmin>
      <ymin>80</ymin>
      <xmax>304</xmax>
      <ymax>164</ymax>
    </bndbox>
  </object>
  <object>
    <name>pedestrian</name>
    <bndbox>
      <xmin>812</xmin>
      <ymin>52</ymin>
      <xmax>845</xmax>
      <ymax>133</ymax>
    </bndbox>
  </object>
  <object>
    <name>pedestrian</name>
    <bndbox>
      <xmin>375</xmin>
      <ymin>210</ymin>
      <xmax>417</xmax>
      <ymax>332</ymax>
    </bndbox>
  </object>
  <object>
    <name>pedestrian</name>
    <bndbox>
      <xmin>722</xmin>
      <ymin>55</ymin>
      <xmax>751</xmax>
      <ymax>135</ymax>
    </bndbox>
  </object>
  <object>
    <name>pedestrian</name>
    <bndbox>
      <xmin>403</xmin>
      <ymin>42</ymin>
      <xmax>430</xmax>
      <ymax>117</ymax>
    </bndbox>
  </object>
  <object>
    <name>pedestrian</name>
    <bndbox>
      <xmin>865</xmin>
      <ymin>65</ymin>
      <xmax>904</xmax>
      <ymax>151</ymax>
    </bndbox>
  </object>
  <object>
    <name>pedestrian</name>
    <bndbox>
      <xmin>479</xmin>
      <ymin>11</ymin>
      <xmax>503</xmax>
      <ymax>77</ymax>
    </bndbox>
  </object>
  <object>
    <name>pedestrian</name>
    <bndbox>
      <xmin>94</xmin>
      <ymin>203</ymin>
      <xmax>145</xmax>
      <ymax>319</ymax>
    </bndbox>
  </object>
  <object>
    <name>pedestrian</name>
    <bndbox>
      <xmin>114</xmin>
      <ymin>274</ymin>
      <xmax>171</xmax>
      <ymax>409</ymax>
    </bndbox>
  </object>
  <object>
    <name>pedestrian</name>
    <bndbox>
      <xmin>895</xmin>
      <ymin>108</ymin>
      <xmax>941</xmax>
      <ymax>205</ymax>
    </bndbox>
  </object>
  <object>
    <name>pedestrian</name>
    <bndbox>
      <xmin>43</xmin>
      <ymin>163</ymin>
      <xmax>94</xmax>
      <ymax>269</ymax>
    </bndbox>
  </object>
</annotation>
