<annotation>
  <filename>1607.jpg</filename>
  <size>
    <width>960</width>
    <height>540</height>
    <depth>3</depth>
  </size>
  <object>
    <name>pedestrian</name>
    <bndbox>
      <xmin>743</xmin>
      <ymin>33</ymin>
      <xmax>771</xmax>
      <ymax>108</ymax>
    </bndbox>
  </object>
  <object>
    <name>pedestrian</name>
    <bndbox>
      <xmin>784</xmin>
      <ymin>54</ymin>
      <xmax>816</xmax>
      <ymax>134</ymax>
    </bndbox>
  </object>
  <object>
    <name>pedestrian</name>
    <bndbox>
      <xmin>619</xmin>
      <ymin>-3</ymin>
      <xmax>641</xmax>
      <ymax>60</ymax>
    </bndbox>
  </object>
  <object>
    <name>pedestrian</name>
    <bndbox>
      <xmin>594</xmin>
      <ymin>0</ymin>
      <xmax>616</xmax>
      <ymax>64</ymax>
    </bndbox>
  </object>
  <object>
    <name>pedestrian</name>
    <bndbox>
      <xmin>553</xmin>
      <ymin>0</ymin>
      <xmax>575</xmax>
      <ymax>64</ymax>
    </bndbox>
  </object>
  <object>
    <name>pedestrian</name>
    <bndbox>
      <xmin>541</xmin>
      <ymin>-2</ymin>
      <xmax>563</xmax>
      <ymax>61</ymax>
    </bndbox>
  </object>
  <object>
    <name>pedestrian</name>
    <bndbox>
      <xmin>689</xmin>
      <ymin>0</ymin>
      <xmax>713</xmax>
      <ymax>65</ymax>
    </bndbox>
  </object>
  <object>
    <name>pedestrian</name>
    <bndbox>
      <xmin>467</xmin>
      <ymin>35</ymin>
      <xmax>493</xmax>
      <ymax>109</ymax>
    </bndbox>
  </object>
  <object>
    <name>pedestrian</name>
    <bndbox>
      <xmin>392</xmin>
      <ymin>30</ymin>
      <xmax>419</xmax>
      <ymax>101</ymax>
    </bndbox>
  </object>
  <object>
    <name>pedestrian</name>
    <bndbox>
      <xmin>908</xmin>
      <ymin>116</ymin>
      <xmax>955</xmax>
      <ymax>217</ymax>
    </bndbox>
  </object>
  <object>
    <name>pedestrian</name>
    <bndbox>
      <xmin>442</xmin>
      <ymin>103</ymin>
      <xmax>474</xmax>
      <ymax>196</ymax>
    </bndbox>
  </object>
  <object>
    <name>pedestrian</name>
    <bndbox>
      <xmin>801</xmin>
      <ymin>336</ymin>
      <xmax>859</xmax>
      <ymax>492</ymax>
    </bndbox>
  </object>
  <object>
    <name>pedestrian</name>
    <bndbox>
      <xmin>176</xmin>
      <ymin>112</ymin>
      <xmax>213</xmax>
      <ymax>204</ymax>
    </bndbox>
  </object>
  <object>
    <name>pedestrian</name>
    <bndbox>
      <xmin>776</xmin>
      <ymin>33</ymin>
      <xmax>806</xmax>
      <ymax>108</ymax>
    </bndbox>
  </object>
  <object>
    <name>pedestrian</name>
    <bndbox>
      <xmin>398</xmin>
      <ymin>165</ymin>
      <xmax>436</xmax>
      <ymax>274</ymax>
    </bndbox>
  </object>
  <object>
    <name>pedestrian</name>
    <bndbox>
      <xmin>685</xmin>
      <ymin>79</ymin>
      <xmax>714</xmax>
      <ymax>165</ymax>
    </bndbox>
  </object>
  <object>
    <name>pedestrian</name>
    <bndbox>
      <xmin>333</xmin>
      <ymin>65</ymin>
      <xmax>363</xmax>
      <ymax>146</ymax>
    </bndbox>
  </object>
  <object>
    <name>pedestrian</name>
    <bndbox>
      <xmin>815</xmin>
      <ymin>49</ymin>
      <xmax>848</xmax>
      <ymax>129</ymax>
    </bndbox>
  </object>
  <object>
    <name>pedestrian</name>
    <bndbox>
      <xmin>432</xmin>
      <ymin>30</ymin>
      <xmax>458</xmax>
      <ymax>101</ymax>
    </bndbox>
  </object>
  <object>
    <name>pedestrian</name>
    <bndbox>
      <xmin>219</xmin>
      <ymin>157</ymin>
      <xmax>260</xmax>
      <ymax>262</ymax>
    </bndbox>
  </object>
  <object>
    <name>pedestrian</name>
    <bndbox>
      <xmin>254</xmin>
      <ymin>205</ymin>
      <xmax>298</xmax>
      <ymax>323</ymax>
    </bndbox>
  </object>
  <object>
    <name>pedestrian</name>
    <bndbox>
      <xmin>853</xmin>
      <ymin>136</ymin>
      <xmax>897</xmax>
      <ymax>239</ymax>
    </bndbox>
  </object>
  <object>
    <name>pedestrian</name>
    <bndbox>
      <xmin>156</xmin>
      <ymin>127</ymin>
      <xmax>196</xmax>
      <ymax>223</ymax>
    </bndbox>
  </object>
  <object>
    <name>pedestrian</name>
    <bndbox>
      <xmin>508</xmin>
      <ymin>1</ymin>
      <xmax>531</xmax>
      <ymax>65</ymax>
    </bndbox>
  </object>
</annotation>
