<annotation>
  <filename>162.jpg</filename>
  <size>
    <width>960</width>
    <height>540</height>
    <depth>3</depth>
  </size>
  <object>
    <name>pedestrian</name>
    <bndbox>
      <xmin>387</xmin>
      <ymin>30</ymin>
      <xmax>413</xmax>
      <ymax>101</ymax>
    </bndbox>
  </object>
  <object>
    <name>pedestrian</name>
    <bndbox>
      <xmin>572</xmin>
      <ymin>22</ymin>
      <xmax>595</xmax>
      <ymax>92</ymax>
    </bndbox>
  </object>
  <object>
    <name>pedestrian</name>
    <bndbox>
      <xmin>600</xmin>
      <ymin>27</ymin>
      <xmax>624</xmax>
      <ymax>99</ymax>
    </bndbox>
  </object>
  <object>
    <name>pedestrian</name>
    <bndbox>
      <xmin>595</xmin>
      <ymin>214</ymin>
      <xmax>635</xmax>
      <ymax>337</ymax>
    </bndbox>
  </object>
  <object>
    <name>pedestrian</name>
    <bndbox>
      <xmin>436</xmin>
      <ymin>40</ymin>
      <xmax>462</xmax>
      <ymax>114</ymax>
    </bndbox>
  </object>
  <object>
    <name>pedestrian</name>
    <bndbox>
      <xmin>827</xmin>
      <ymin>343</ymin>
      <xmax>887</xmax>
      <ymax>502</ymax>
    </bndbox>
  </object>
  <object>
    <name>pedestrian</name>
    <bndbox>
      <xmin>91</xmin>
      <ymin>214</ymin>
      <xmax>143</xmax>
      <ymax>332</ymax>
    </bndbox>
  </object>
</annotation>
