<annotation>
  <filename>1672.jpg</filename>
  <size>
    <width>960</width>
    <height>540</height>
    <depth>3</depth>
  </size>
  <object>
    <name>pedestrian</name>
    <bndbox>
      <xmin>703</xmin>
      <ymin>11</ymin>
      <xmax>728</xmax>
      <ymax>79</ymax>
    </bndbox>
  </object>
  <object>
    <name>pedestrian</name>
    <bndbox>
      <xmin>735</xmin>
      <ymin>30</ymin>
      <xmax>763</xmax>
      <ymax>103</ymax>
    </bndbox>
  </object>
  <object>
    <name>pedestrian</name>
    <bndbox>
      <xmin>519</xmin>
      <ymin>15</ymin>
      <xmax>543</xmax>
      <ymax>82</ymax>
    </bndbox>
  </object>
  <object>
    <name>pedestrian</name>
    <bndbox>
      <xmin>450</xmin>
      <ymin>10</ymin>
      <xmax>474</xmax>
      <ymax>75</ymax>
    </bndbox>
  </object>
  <object>
    <name>pedestrian</name>
    <bndbox>
      <xmin>340</xmin>
      <ymin>147</ymin>
      <xmax>378</xmax>
      <ymax>250</ymax>
    </bndbox>
  </object>
  <object>
    <name>pedestrian</name>
    <bndbox>
      <xmin>14</xmin>
      <ymin>169</ymin>
      <xmax>68</xmax>
      <ymax>278</ymax>
    </bndbox>
  </object>
  <object>
    <name>pedestrian</name>
    <bndbox>
      <xmin>739</xmin>
      <ymin>13</ymin>
      <xmax>766</xmax>
      <ymax>82</ymax>
    </bndbox>
  </object>
  <object>
    <name>pedestrian</name>
    <bndbox>
      <xmin>462</xmin>
      <ymin>115</ymin>
      <xmax>495</xmax>
      <ymax>211</ymax>
    </bndbox>
  </object>
  <object>
    <name>pedestrian</name>
    <bndbox>
      <xmin>609</xmin>
      <ymin>120</ymin>
      <xmax>641</xmax>
      <ymax>217</ymax>
    </bndbox>
  </object>
  <object>
    <name>pedestrian</name>
    <bndbox>
      <xmin>764</xmin>
      <ymin>26</ymin>
      <xmax>792</xmax>
      <ymax>99</ymax>
    </bndbox>
  </object>
  <object>
    <name>pedestrian</name>
    <bndbox>
      <xmin>339</xmin>
      <ymin>64</ymin>
      <xmax>369</xmax>
      <ymax>145</ymax>
    </bndbox>
  </object>
  <object>
    <name>pedestrian</name>
    <bndbox>
      <xmin>368</xmin>
      <ymin>109</ymin>
      <xmax>402</xmax>
      <ymax>203</ymax>
    </bndbox>
  </object>
  <object>
    <name>pedestrian</name>
    <bndbox>
      <xmin>395</xmin>
      <ymin>138</ymin>
      <xmax>431</xmax>
      <ymax>240</ymax>
    </bndbox>
  </object>
  <object>
    <name>pedestrian</name>
    <bndbox>
      <xmin>800</xmin>
      <ymin>186</ymin>
      <xmax>843</xmax>
      <ymax>301</ymax>
    </bndbox>
  </object>
  <object>
    <name>pedestrian</name>
    <bndbox>
      <xmin>288</xmin>
      <ymin>82</ymin>
      <xmax>320</xmax>
      <ymax>167</ymax>
    </bndbox>
  </object>
  <object>
    <name>pedestrian</name>
    <bndbox>
      <xmin>461</xmin>
      <ymin>21</ymin>
      <xmax>486</xmax>
      <ymax>90</ymax>
    </bndbox>
  </object>
  <object>
    <name>pedestrian</name>
    <bndbox>
      <xmin>904</xmin>
      <ymin>86</ymin>
      <xmax>948</xmax>
      <ymax>179</ymax>
    </bndbox>
  </object>
  <object>
    <name>pedestrian</name>
    <bndbox>
      <xmin>490</xmin>
      <ymin>4</ymin>
      <xmax>513</xmax>
      <ymax>68</ymax>
    </bndbox>
  </object>
  <object>
    <name>pedestrian</name>
    <bndbox>
      <xmin>216</xmin>
      <ymin>106</ymin>
      <xmax>252</xmax>
      <ymax>197</ymax>
    </bndbox>
  </object>
</annotation>
