<annotation>
  <filename>1704.jpg</filename>
  <size>
    <width>960</width>
    <height>540</height>
    <depth>3</depth>
  </size>
  <object>
    <name>pedestrian</name>
    <bndbox>
      <xmin>693</xmin>
      <ymin>1</ymin>
      <xmax>716</xmax>
      <ymax>66</ymax>
    </bndbox>
  </object>
  <object>
    <name>pedestrian</name>
    <bndbox>
      <xmin>721</xmin>
      <ymin>17</ymin>
      <xmax>746</xmax>
      <ymax>87</ymax>
    </bndbox>
  </object>
  <object>
    <name>pedestrian</name>
    <bndbox>
      <xmin>535</xmin>
      <ymin>6</ymin>
      <xmax>558</xmax>
      <ymax>71</ymax>
    </bndbox>
  </object>
  <object>
    <name>pedestrian</name>
    <bndbox>
      <xmin>480</xmin>
      <ymin>-1</ymin>
      <xmax>503</xmax>
      <ymax>62</ymax>
    </bndbox>
  </object>
  <object>
    <name>pedestrian</name>
    <bndbox>
      <xmin>285</xmin>
      <ymin>174</ymin>
      <xmax>326</xmax>
      <ymax>285</ymax>
    </bndbox>
  </object>
  <object>
    <name>pedestrian</name>
    <bndbox>
      <xmin>723</xmin>
      <ymin>2</ymin>
      <xmax>748</xmax>
      <ymax>68</ymax>
    </bndbox>
  </object>
  <object>
    <name>pedestrian</name>
    <bndbox>
      <xmin>492</xmin>
      <ymin>94</ymin>
      <xmax>523</xmax>
      <ymax>184</ymax>
    </bndbox>
  </object>
  <object>
    <name>pedestrian</name>
    <bndbox>
      <xmin>564</xmin>
      <ymin>148</ymin>
      <xmax>598</xmax>
      <ymax>253</ymax>
    </bndbox>
  </object>
  <object>
    <name>pedestrian</name>
    <bndbox>
      <xmin>753</xmin>
      <ymin>15</ymin>
      <xmax>780</xmax>
      <ymax>84</ymax>
    </bndbox>
  </object>
  <object>
    <name>pedestrian</name>
    <bndbox>
      <xmin>419</xmin>
      <ymin>89</ymin>
      <xmax>450</xmax>
      <ymax>177</ymax>
    </bndbox>
  </object>
  <object>
    <name>pedestrian</name>
    <bndbox>
      <xmin>441</xmin>
      <ymin>110</ymin>
      <xmax>474</xmax>
      <ymax>204</ymax>
    </bndbox>
  </object>
  <object>
    <name>pedestrian</name>
    <bndbox>
      <xmin>779</xmin>
      <ymin>217</ymin>
      <xmax>824</xmax>
      <ymax>340</ymax>
    </bndbox>
  </object>
  <object>
    <name>pedestrian</name>
    <bndbox>
      <xmin>344</xmin>
      <ymin>61</ymin>
      <xmax>374</xmax>
      <ymax>141</ymax>
    </bndbox>
  </object>
  <object>
    <name>pedestrian</name>
    <bndbox>
      <xmin>425</xmin>
      <ymin>31</ymin>
      <xmax>451</xmax>
      <ymax>103</ymax>
    </bndbox>
  </object>
  <object>
    <name>pedestrian</name>
    <bndbox>
      <xmin>903</xmin>
      <ymin>109</ymin>
      <xmax>949</xmax>
      <ymax>207</ymax>
    </bndbox>
  </object>
  <object>
    <name>pedestrian</name>
    <bndbox>
      <xmin>461</xmin>
      <ymin>15</ymin>
      <xmax>485</xmax>
      <ymax>83</ymax>
    </bndbox>
  </object>
  <object>
    <name>pedestrian</name>
    <bndbox>
      <xmin>149</xmin>
      <ymin>132</ymin>
      <xmax>190</xmax>
      <ymax>229</ymax>
    </bndbox>
  </object>
  <object>
    <name>pedestrian</name>
    <bndbox>
      <xmin>285</xmin>
      <ymin>84</ymin>
      <xmax>317</xmax>
      <ymax>169</ymax>
    </bndbox>
  </object>
</annotation>
