<annotation>
  <filename>1765.jpg</filename>
  <size>
    <width>960</width>
    <height>540</height>
    <depth>3</depth>
  </size>
  <object>
    <name>pedestrian</name>
    <bndbox>
      <xmin>698</xmin>
      <ymin>0</ymin>
      <xmax>722</xmax>
      <ymax>65</ymax>
    </bndbox>
  </object>
  <object>
    <name>pedestrian</name>
    <bndbox>
      <xmin>152</xmin>
      <ymin>240</ymin>
      <xmax>204</xmax>
      <ymax>366</ymax>
    </bndbox>
  </object>
  <object>
    <name>pedestrian</name>
    <bndbox>
      <xmin>534</xmin>
      <ymin>62</ymin>
      <xmax>561</xmax>
      <ymax>143</ymax>
    </bndbox>
  </object>
  <object>
    <name>pedestrian</name>
    <bndbox>
      <xmin>461</xmin>
      <ymin>204</ymin>
      <xmax>501</xmax>
      <ymax>324</ymax>
    </bndbox>
  </object>
  <object>
    <name>pedestrian</name>
    <bndbox>
      <xmin>728</xmin>
      <ymin>-5</ymin>
      <xmax>752</xmax>
      <ymax>60</ymax>
    </bndbox>
  </object>
  <object>
    <name>pedestrian</name>
    <bndbox>
      <xmin>492</xmin>
      <ymin>52</ymin>
      <xmax>519</xmax>
      <ymax>130</ymax>
    </bndbox>
  </object>
  <object>
    <name>pedestrian</name>
    <bndbox>
      <xmin>497</xmin>
      <ymin>69</ymin>
      <xmax>526</xmax>
      <ymax>152</ymax>
    </bndbox>
  </object>
  <object>
    <name>pedestrian</name>
    <bndbox>
      <xmin>732</xmin>
      <ymin>289</ymin>
      <xmax>782</xmax>
      <ymax>430</ymax>
    </bndbox>
  </object>
  <object>
    <name>pedestrian</name>
    <bndbox>
      <xmin>432</xmin>
      <ymin>33</ymin>
      <xmax>458</xmax>
      <ymax>106</ymax>
    </bndbox>
  </object>
  <object>
    <name>pedestrian</name>
    <bndbox>
      <xmin>361</xmin>
      <ymin>50</ymin>
      <xmax>389</xmax>
      <ymax>127</ymax>
    </bndbox>
  </object>
  <object>
    <name>pedestrian</name>
    <bndbox>
      <xmin>398</xmin>
      <ymin>35</ymin>
      <xmax>425</xmax>
      <ymax>108</ymax>
    </bndbox>
  </object>
  <object>
    <name>pedestrian</name>
    <bndbox>
      <xmin>-11</xmin>
      <ymin>194</ymin>
      <xmax>48</xmax>
      <ymax>309</ymax>
    </bndbox>
  </object>
  <object>
    <name>pedestrian</name>
    <bndbox>
      <xmin>167</xmin>
      <ymin>127</ymin>
      <xmax>207</xmax>
      <ymax>223</ymax>
    </bndbox>
  </object>
  <object>
    <name>pedestrian</name>
    <bndbox>
      <xmin>127</xmin>
      <ymin>213</ymin>
      <xmax>177</xmax>
      <ymax>332</ymax>
    </bndbox>
  </object>
  <object>
    <name>pedestrian</name>
    <bndbox>
      <xmin>786</xmin>
      <ymin>13</ymin>
      <xmax>814</xmax>
      <ymax>83</ymax>
    </bndbox>
  </object>
  <object>
    <name>pedestrian</name>
    <bndbox>
      <xmin>77</xmin>
      <ymin>181</ymin>
      <xmax>127</xmax>
      <ymax>291</ymax>
    </bndbox>
  </object>
  <object>
    <name>pedestrian</name>
    <bndbox>
      <xmin>125</xmin>
      <ymin>195</ymin>
      <xmax>173</xmax>
      <ymax>309</ymax>
    </bndbox>
  </object>
  <object>
    <name>pedestrian</name>
    <bndbox>
      <xmin>146</xmin>
      <ymin>441</ymin>
      <xmax>217</xmax>
      <ymax>624</ymax>
    </bndbox>
  </object>
  <object>
    <name>pedestrian</name>
    <bndbox>
      <xmin>212</xmin>
      <ymin>480</ymin>
      <xmax>283</xmax>
      <ymax>675</ymax>
    </bndbox>
  </object>
</annotation>
