<annotation>
  <filename>184.jpg</filename>
  <size>
    <width>960</width>
    <height>540</height>
    <depth>3</depth>
  </size>
  <object>
    <name>pedestrian</name>
    <bndbox>
      <xmin>411</xmin>
      <ymin>20</ymin>
      <xmax>436</xmax>
      <ymax>88</ymax>
    </bndbox>
  </object>
  <object>
    <name>pedestrian</name>
    <bndbox>
      <xmin>590</xmin>
      <ymin>12</ymin>
      <xmax>613</xmax>
      <ymax>80</ymax>
    </bndbox>
  </object>
  <object>
    <name>pedestrian</name>
    <bndbox>
      <xmin>620</xmin>
      <ymin>18</ymin>
      <xmax>643</xmax>
      <ymax>87</ymax>
    </bndbox>
  </object>
  <object>
    <name>pedestrian</name>
    <bndbox>
      <xmin>619</xmin>
      <ymin>191</ymin>
      <xmax>657</xmax>
      <ymax>308</ymax>
    </bndbox>
  </object>
  <object>
    <name>pedestrian</name>
    <bndbox>
      <xmin>404</xmin>
      <ymin>48</ymin>
      <xmax>431</xmax>
      <ymax>125</ymax>
    </bndbox>
  </object>
  <object>
    <name>pedestrian</name>
    <bndbox>
      <xmin>827</xmin>
      <ymin>392</ymin>
      <xmax>892</xmax>
      <ymax>567</ymax>
    </bndbox>
  </object>
  <object>
    <name>pedestrian</name>
    <bndbox>
      <xmin>139</xmin>
      <ymin>193</ymin>
      <xmax>187</xmax>
      <ymax>306</ymax>
    </bndbox>
  </object>
  <object>
    <name>pedestrian</name>
    <bndbox>
      <xmin>704</xmin>
      <ymin>466</ymin>
      <xmax>768</xmax>
      <ymax>659</ymax>
    </bndbox>
  </object>
</annotation>
