<annotation>
  <filename>187.jpg</filename>
  <size>
    <width>960</width>
    <height>540</height>
    <depth>3</depth>
  </size>
  <object>
    <name>pedestrian</name>
    <bndbox>
      <xmin>414</xmin>
      <ymin>20</ymin>
      <xmax>440</xmax>
      <ymax>89</ymax>
    </bndbox>
  </object>
  <object>
    <name>pedestrian</name>
    <bndbox>
      <xmin>592</xmin>
      <ymin>13</ymin>
      <xmax>615</xmax>
      <ymax>80</ymax>
    </bndbox>
  </object>
  <object>
    <name>pedestrian</name>
    <bndbox>
      <xmin>622</xmin>
      <ymin>17</ymin>
      <xmax>645</xmax>
      <ymax>86</ymax>
    </bndbox>
  </object>
  <object>
    <name>pedestrian</name>
    <bndbox>
      <xmin>621</xmin>
      <ymin>189</ymin>
      <xmax>658</xmax>
      <ymax>305</ymax>
    </bndbox>
  </object>
  <object>
    <name>pedestrian</name>
    <bndbox>
      <xmin>399</xmin>
      <ymin>50</ymin>
      <xmax>427</xmax>
      <ymax>127</ymax>
    </bndbox>
  </object>
  <object>
    <name>pedestrian</name>
    <bndbox>
      <xmin>823</xmin>
      <ymin>397</ymin>
      <xmax>887</xmax>
      <ymax>572</ymax>
    </bndbox>
  </object>
  <object>
    <name>pedestrian</name>
    <bndbox>
      <xmin>145</xmin>
      <ymin>189</ymin>
      <xmax>191</xmax>
      <ymax>301</ymax>
    </bndbox>
  </object>
  <object>
    <name>pedestrian</name>
    <bndbox>
      <xmin>703</xmin>
      <ymin>458</ymin>
      <xmax>767</xmax>
      <ymax>649</ymax>
    </bndbox>
  </object>
</annotation>
