<annotation>
  <filename>1891.jpg</filename>
  <size>
    <width>960</width>
    <height>540</height>
    <depth>3</depth>
  </size>
  <object>
    <name>pedestrian</name>
    <bndbox>
      <xmin>60</xmin>
      <ymin>376</ymin>
      <xmax>131</xmax>
      <ymax>540</ymax>
    </bndbox>
  </object>
  <object>
    <name>pedestrian</name>
    <bndbox>
      <xmin>594</xmin>
      <ymin>8</ymin>
      <xmax>616</xmax>
      <ymax>74</ymax>
    </bndbox>
  </object>
  <object>
    <name>pedestrian</name>
    <bndbox>
      <xmin>184</xmin>
      <ymin>107</ymin>
      <xmax>221</xmax>
      <ymax>198</ymax>
    </bndbox>
  </object>
  <object>
    <name>pedestrian</name>
    <bndbox>
      <xmin>188</xmin>
      <ymin>113</ymin>
      <xmax>225</xmax>
      <ymax>206</ymax>
    </bndbox>
  </object>
  <object>
    <name>pedestrian</name>
    <bndbox>
      <xmin>370</xmin>
      <ymin>103</ymin>
      <xmax>403</xmax>
      <ymax>195</ymax>
    </bndbox>
  </object>
  <object>
    <name>pedestrian</name>
    <bndbox>
      <xmin>701</xmin>
      <ymin>60</ymin>
      <xmax>729</xmax>
      <ymax>141</ymax>
    </bndbox>
  </object>
  <object>
    <name>pedestrian</name>
    <bndbox>
      <xmin>295</xmin>
      <ymin>93</ymin>
      <xmax>328</xmax>
      <ymax>181</ymax>
    </bndbox>
  </object>
  <object>
    <name>pedestrian</name>
    <bndbox>
      <xmin>404</xmin>
      <ymin>95</ymin>
      <xmax>436</xmax>
      <ymax>185</ymax>
    </bndbox>
  </object>
  <object>
    <name>pedestrian</name>
    <bndbox>
      <xmin>445</xmin>
      <ymin>230</ymin>
      <xmax>488</xmax>
      <ymax>357</ymax>
    </bndbox>
  </object>
  <object>
    <name>pedestrian</name>
    <bndbox>
      <xmin>512</xmin>
      <ymin>248</ymin>
      <xmax>554</xmax>
      <ymax>379</ymax>
    </bndbox>
  </object>
  <object>
    <name>pedestrian</name>
    <bndbox>
      <xmin>232</xmin>
      <ymin>93</ymin>
      <xmax>267</xmax>
      <ymax>180</ymax>
    </bndbox>
  </object>
  <object>
    <name>pedestrian</name>
    <bndbox>
      <xmin>860</xmin>
      <ymin>320</ymin>
      <xmax>921</xmax>
      <ymax>473</ymax>
    </bndbox>
  </object>
  <object>
    <name>pedestrian</name>
    <bndbox>
      <xmin>248</xmin>
      <ymin>159</ymin>
      <xmax>288</xmax>
      <ymax>264</ymax>
    </bndbox>
  </object>
  <object>
    <name>pedestrian</name>
    <bndbox>
      <xmin>200</xmin>
      <ymin>132</ymin>
      <xmax>239</xmax>
      <ymax>230</ymax>
    </bndbox>
  </object>
  <object>
    <name>pedestrian</name>
    <bndbox>
      <xmin>539</xmin>
      <ymin>10</ymin>
      <xmax>562</xmax>
      <ymax>77</ymax>
    </bndbox>
  </object>
  <object>
    <name>pedestrian</name>
    <bndbox>
      <xmin>786</xmin>
      <ymin>9</ymin>
      <xmax>814</xmax>
      <ymax>78</ymax>
    </bndbox>
  </object>
</annotation>
