<annotation>
  <filename>195.jpg</filename>
  <size>
    <width>960</width>
    <height>540</height>
    <depth>3</depth>
  </size>
  <object>
    <name>pedestrian</name>
    <bndbox>
      <xmin>424</xmin>
      <ymin>15</ymin>
      <xmax>448</xmax>
      <ymax>82</ymax>
    </bndbox>
  </object>
  <object>
    <name>pedestrian</name>
    <bndbox>
      <xmin>599</xmin>
      <ymin>8</ymin>
      <xmax>621</xmax>
      <ymax>74</ymax>
    </bndbox>
  </object>
  <object>
    <name>pedestrian</name>
    <bndbox>
      <xmin>627</xmin>
      <ymin>14</ymin>
      <xmax>650</xmax>
      <ymax>82</ymax>
    </bndbox>
  </object>
  <object>
    <name>pedestrian</name>
    <bndbox>
      <xmin>627</xmin>
      <ymin>180</ymin>
      <xmax>664</xmax>
      <ymax>294</ymax>
    </bndbox>
  </object>
  <object>
    <name>pedestrian</name>
    <bndbox>
      <xmin>386</xmin>
      <ymin>53</ymin>
      <xmax>414</xmax>
      <ymax>130</ymax>
    </bndbox>
  </object>
  <object>
    <name>pedestrian</name>
    <bndbox>
      <xmin>805</xmin>
      <ymin>419</ymin>
      <xmax>870</xmax>
      <ymax>602</ymax>
    </bndbox>
  </object>
  <object>
    <name>pedestrian</name>
    <bndbox>
      <xmin>161</xmin>
      <ymin>183</ymin>
      <xmax>206</xmax>
      <ymax>295</ymax>
    </bndbox>
  </object>
  <object>
    <name>pedestrian</name>
    <bndbox>
      <xmin>710</xmin>
      <ymin>440</ymin>
      <xmax>772</xmax>
      <ymax>624</ymax>
    </bndbox>
  </object>
  <object>
    <name>pedestrian</name>
    <bndbox>
      <xmin>-8</xmin>
      <ymin>191</ymin>
      <xmax>50</xmax>
      <ymax>305</ymax>
    </bndbox>
  </object>
</annotation>
