<annotation>
  <filename>1965.jpg</filename>
  <size>
    <width>960</width>
    <height>540</height>
    <depth>3</depth>
  </size>
  <object>
    <name>pedestrian</name>
    <bndbox>
      <xmin>460</xmin>
      <ymin>60</ymin>
      <xmax>488</xmax>
      <ymax>141</ymax>
    </bndbox>
  </object>
  <object>
    <name>pedestrian</name>
    <bndbox>
      <xmin>671</xmin>
      <ymin>106</ymin>
      <xmax>702</xmax>
      <ymax>200</ymax>
    </bndbox>
  </object>
  <object>
    <name>pedestrian</name>
    <bndbox>
      <xmin>382</xmin>
      <ymin>56</ymin>
      <xmax>411</xmax>
      <ymax>135</ymax>
    </bndbox>
  </object>
  <object>
    <name>pedestrian</name>
    <bndbox>
      <xmin>475</xmin>
      <ymin>50</ymin>
      <xmax>502</xmax>
      <ymax>128</ymax>
    </bndbox>
  </object>
  <object>
    <name>pedestrian</name>
    <bndbox>
      <xmin>527</xmin>
      <ymin>150</ymin>
      <xmax>561</xmax>
      <ymax>256</ymax>
    </bndbox>
  </object>
  <object>
    <name>pedestrian</name>
    <bndbox>
      <xmin>591</xmin>
      <ymin>164</ymin>
      <xmax>626</xmax>
      <ymax>273</ymax>
    </bndbox>
  </object>
  <object>
    <name>pedestrian</name>
    <bndbox>
      <xmin>384</xmin>
      <ymin>103</ymin>
      <xmax>417</xmax>
      <ymax>195</ymax>
    </bndbox>
  </object>
  <object>
    <name>pedestrian</name>
    <bndbox>
      <xmin>733</xmin>
      <ymin>39</ymin>
      <xmax>761</xmax>
      <ymax>114</ymax>
    </bndbox>
  </object>
  <object>
    <name>pedestrian</name>
    <bndbox>
      <xmin>889</xmin>
      <ymin>128</ymin>
      <xmax>936</xmax>
      <ymax>231</ymax>
    </bndbox>
  </object>
  <object>
    <name>pedestrian</name>
    <bndbox>
      <xmin>306</xmin>
      <ymin>79</ymin>
      <xmax>337</xmax>
      <ymax>163</ymax>
    </bndbox>
  </object>
  <object>
    <name>pedestrian</name>
    <bndbox>
      <xmin>112</xmin>
      <ymin>138</ymin>
      <xmax>155</xmax>
      <ymax>237</ymax>
    </bndbox>
  </object>
  <object>
    <name>pedestrian</name>
    <bndbox>
      <xmin>63</xmin>
      <ymin>154</ymin>
      <xmax>111</xmax>
      <ymax>257</ymax>
    </bndbox>
  </object>
  <object>
    <name>pedestrian</name>
    <bndbox>
      <xmin>22</xmin>
      <ymin>174</ymin>
      <xmax>76</xmax>
      <ymax>284</ymax>
    </bndbox>
  </object>
</annotation>
