<annotation>
  <filename>1969.jpg</filename>
  <size>
    <width>960</width>
    <height>540</height>
    <depth>3</depth>
  </size>
  <object>
    <name>pedestrian</name>
    <bndbox>
      <xmin>463</xmin>
      <ymin>58</ymin>
      <xmax>491</xmax>
      <ymax>138</ymax>
    </bndbox>
  </object>
  <object>
    <name>pedestrian</name>
    <bndbox>
      <xmin>670</xmin>
      <ymin>109</ymin>
      <xmax>702</xmax>
      <ymax>203</ymax>
    </bndbox>
  </object>
  <object>
    <name>pedestrian</name>
    <bndbox>
      <xmin>385</xmin>
      <ymin>56</ymin>
      <xmax>414</xmax>
      <ymax>135</ymax>
    </bndbox>
  </object>
  <object>
    <name>pedestrian</name>
    <bndbox>
      <xmin>480</xmin>
      <ymin>50</ymin>
      <xmax>507</xmax>
      <ymax>127</ymax>
    </bndbox>
  </object>
  <object>
    <name>pedestrian</name>
    <bndbox>
      <xmin>529</xmin>
      <ymin>146</ymin>
      <xmax>563</xmax>
      <ymax>251</ymax>
    </bndbox>
  </object>
  <object>
    <name>pedestrian</name>
    <bndbox>
      <xmin>594</xmin>
      <ymin>159</ymin>
      <xmax>629</xmax>
      <ymax>267</ymax>
    </bndbox>
  </object>
  <object>
    <name>pedestrian</name>
    <bndbox>
      <xmin>390</xmin>
      <ymin>99</ymin>
      <xmax>422</xmax>
      <ymax>189</ymax>
    </bndbox>
  </object>
  <object>
    <name>pedestrian</name>
    <bndbox>
      <xmin>731</xmin>
      <ymin>40</ymin>
      <xmax>759</xmax>
      <ymax>116</ymax>
    </bndbox>
  </object>
  <object>
    <name>pedestrian</name>
    <bndbox>
      <xmin>889</xmin>
      <ymin>125</ymin>
      <xmax>934</xmax>
      <ymax>226</ymax>
    </bndbox>
  </object>
  <object>
    <name>pedestrian</name>
    <bndbox>
      <xmin>311</xmin>
      <ymin>77</ymin>
      <xmax>342</xmax>
      <ymax>161</ymax>
    </bndbox>
  </object>
  <object>
    <name>pedestrian</name>
    <bndbox>
      <xmin>107</xmin>
      <ymin>143</ymin>
      <xmax>151</xmax>
      <ymax>243</ymax>
    </bndbox>
  </object>
  <object>
    <name>pedestrian</name>
    <bndbox>
      <xmin>55</xmin>
      <ymin>155</ymin>
      <xmax>104</xmax>
      <ymax>259</ymax>
    </bndbox>
  </object>
  <object>
    <name>pedestrian</name>
    <bndbox>
      <xmin>9</xmin>
      <ymin>181</ymin>
      <xmax>65</xmax>
      <ymax>293</ymax>
    </bndbox>
  </object>
  <object>
    <name>pedestrian</name>
    <bndbox>
      <xmin>-12</xmin>
      <ymin>220</ymin>
      <xmax>50</xmax>
      <ymax>341</ymax>
    </bndbox>
  </object>
</annotation>
