<annotation>
  <filename>1978.jpg</filename>
  <size>
    <width>960</width>
    <height>540</height>
    <depth>3</depth>
  </size>
  <object>
    <name>pedestrian</name>
    <bndbox>
      <xmin>474</xmin>
      <ymin>54</ymin>
      <xmax>502</xmax>
      <ymax>133</ymax>
    </bndbox>
  </object>
  <object>
    <name>pedestrian</name>
    <bndbox>
      <xmin>667</xmin>
      <ymin>116</ymin>
      <xmax>699</xmax>
      <ymax>212</ymax>
    </bndbox>
  </object>
  <object>
    <name>pedestrian</name>
    <bndbox>
      <xmin>394</xmin>
      <ymin>52</ymin>
      <xmax>422</xmax>
      <ymax>130</ymax>
    </bndbox>
  </object>
  <object>
    <name>pedestrian</name>
    <bndbox>
      <xmin>489</xmin>
      <ymin>45</ymin>
      <xmax>516</xmax>
      <ymax>120</ymax>
    </bndbox>
  </object>
  <object>
    <name>pedestrian</name>
    <bndbox>
      <xmin>538</xmin>
      <ymin>139</ymin>
      <xmax>571</xmax>
      <ymax>242</ymax>
    </bndbox>
  </object>
  <object>
    <name>pedestrian</name>
    <bndbox>
      <xmin>597</xmin>
      <ymin>152</ymin>
      <xmax>631</xmax>
      <ymax>258</ymax>
    </bndbox>
  </object>
  <object>
    <name>pedestrian</name>
    <bndbox>
      <xmin>399</xmin>
      <ymin>94</ymin>
      <xmax>431</xmax>
      <ymax>183</ymax>
    </bndbox>
  </object>
  <object>
    <name>pedestrian</name>
    <bndbox>
      <xmin>727</xmin>
      <ymin>46</ymin>
      <xmax>755</xmax>
      <ymax>123</ymax>
    </bndbox>
  </object>
  <object>
    <name>pedestrian</name>
    <bndbox>
      <xmin>883</xmin>
      <ymin>121</ymin>
      <xmax>928</xmax>
      <ymax>222</ymax>
    </bndbox>
  </object>
  <object>
    <name>pedestrian</name>
    <bndbox>
      <xmin>322</xmin>
      <ymin>72</ymin>
      <xmax>352</xmax>
      <ymax>155</ymax>
    </bndbox>
  </object>
  <object>
    <name>pedestrian</name>
    <bndbox>
      <xmin>93</xmin>
      <ymin>147</ymin>
      <xmax>138</xmax>
      <ymax>249</ymax>
    </bndbox>
  </object>
  <object>
    <name>pedestrian</name>
    <bndbox>
      <xmin>39</xmin>
      <ymin>164</ymin>
      <xmax>91</xmax>
      <ymax>270</ymax>
    </bndbox>
  </object>
  <object>
    <name>pedestrian</name>
    <bndbox>
      <xmin>-17</xmin>
      <ymin>188</ymin>
      <xmax>42</xmax>
      <ymax>301</ymax>
    </bndbox>
  </object>
  <object>
    <name>pedestrian</name>
    <bndbox>
      <xmin>20</xmin>
      <ymin>213</ymin>
      <xmax>78</xmax>
      <ymax>332</ymax>
    </bndbox>
  </object>
  <object>
    <name>pedestrian</name>
    <bndbox>
      <xmin>13</xmin>
      <ymin>321</ymin>
      <xmax>82</xmax>
      <ymax>470</ymax>
    </bndbox>
  </object>
</annotation>
