<annotation>
  <filename>1999.jpg</filename>
  <size>
    <width>960</width>
    <height>540</height>
    <depth>3</depth>
  </size>
  <object>
    <name>pedestrian</name>
    <bndbox>
      <xmin>495</xmin>
      <ymin>43</ymin>
      <xmax>521</xmax>
      <ymax>118</ymax>
    </bndbox>
  </object>
  <object>
    <name>pedestrian</name>
    <bndbox>
      <xmin>666</xmin>
      <ymin>133</ymin>
      <xmax>700</xmax>
      <ymax>234</ymax>
    </bndbox>
  </object>
  <object>
    <name>pedestrian</name>
    <bndbox>
      <xmin>410</xmin>
      <ymin>39</ymin>
      <xmax>437</xmax>
      <ymax>113</ymax>
    </bndbox>
  </object>
  <object>
    <name>pedestrian</name>
    <bndbox>
      <xmin>515</xmin>
      <ymin>35</ymin>
      <xmax>541</xmax>
      <ymax>108</ymax>
    </bndbox>
  </object>
  <object>
    <name>pedestrian</name>
    <bndbox>
      <xmin>553</xmin>
      <ymin>124</ymin>
      <xmax>585</xmax>
      <ymax>222</ymax>
    </bndbox>
  </object>
  <object>
    <name>pedestrian</name>
    <bndbox>
      <xmin>606</xmin>
      <ymin>132</ymin>
      <xmax>638</xmax>
      <ymax>232</ymax>
    </bndbox>
  </object>
  <object>
    <name>pedestrian</name>
    <bndbox>
      <xmin>432</xmin>
      <ymin>81</ymin>
      <xmax>462</xmax>
      <ymax>167</ymax>
    </bndbox>
  </object>
  <object>
    <name>pedestrian</name>
    <bndbox>
      <xmin>714</xmin>
      <ymin>58</ymin>
      <xmax>743</xmax>
      <ymax>138</ymax>
    </bndbox>
  </object>
  <object>
    <name>pedestrian</name>
    <bndbox>
      <xmin>871</xmin>
      <ymin>107</ymin>
      <xmax>913</xmax>
      <ymax>203</ymax>
    </bndbox>
  </object>
  <object>
    <name>pedestrian</name>
    <bndbox>
      <xmin>345</xmin>
      <ymin>63</ymin>
      <xmax>374</xmax>
      <ymax>143</ymax>
    </bndbox>
  </object>
  <object>
    <name>pedestrian</name>
    <bndbox>
      <xmin>53</xmin>
      <ymin>162</ymin>
      <xmax>103</xmax>
      <ymax>268</ymax>
    </bndbox>
  </object>
  <object>
    <name>pedestrian</name>
    <bndbox>
      <xmin>-4</xmin>
      <ymin>179</ymin>
      <xmax>53</xmax>
      <ymax>289</ymax>
    </bndbox>
  </object>
  <object>
    <name>pedestrian</name>
    <bndbox>
      <xmin>95</xmin>
      <ymin>191</ymin>
      <xmax>145</xmax>
      <ymax>304</ymax>
    </bndbox>
  </object>
  <object>
    <name>pedestrian</name>
    <bndbox>
      <xmin>100</xmin>
      <ymin>296</ymin>
      <xmax>160</xmax>
      <ymax>436</ymax>
    </bndbox>
  </object>
</annotation>
