<annotation>
  <filename>2020.jpg</filename>
  <size>
    <width>960</width>
    <height>540</height>
    <depth>3</depth>
  </size>
  <object>
    <name>pedestrian</name>
    <bndbox>
      <xmin>515</xmin>
      <ymin>33</ymin>
      <xmax>541</xmax>
      <ymax>106</ymax>
    </bndbox>
  </object>
  <object>
    <name>pedestrian</name>
    <bndbox>
      <xmin>656</xmin>
      <ymin>150</ymin>
      <xmax>692</xmax>
      <ymax>256</ymax>
    </bndbox>
  </object>
  <object>
    <name>pedestrian</name>
    <bndbox>
      <xmin>429</xmin>
      <ymin>35</ymin>
      <xmax>455</xmax>
      <ymax>107</ymax>
    </bndbox>
  </object>
  <object>
    <name>pedestrian</name>
    <bndbox>
      <xmin>537</xmin>
      <ymin>28</ymin>
      <xmax>562</xmax>
      <ymax>99</ymax>
    </bndbox>
  </object>
  <object>
    <name>pedestrian</name>
    <bndbox>
      <xmin>570</xmin>
      <ymin>106</ymin>
      <xmax>601</xmax>
      <ymax>200</ymax>
    </bndbox>
  </object>
  <object>
    <name>pedestrian</name>
    <bndbox>
      <xmin>615</xmin>
      <ymin>115</ymin>
      <xmax>646</xmax>
      <ymax>211</ymax>
    </bndbox>
  </object>
  <object>
    <name>pedestrian</name>
    <bndbox>
      <xmin>460</xmin>
      <ymin>69</ymin>
      <xmax>489</xmax>
      <ymax>152</ymax>
    </bndbox>
  </object>
  <object>
    <name>pedestrian</name>
    <bndbox>
      <xmin>703</xmin>
      <ymin>70</ymin>
      <xmax>733</xmax>
      <ymax>153</ymax>
    </bndbox>
  </object>
  <object>
    <name>pedestrian</name>
    <bndbox>
      <xmin>854</xmin>
      <ymin>98</ymin>
      <xmax>894</xmax>
      <ymax>191</ymax>
    </bndbox>
  </object>
  <object>
    <name>pedestrian</name>
    <bndbox>
      <xmin>364</xmin>
      <ymin>51</ymin>
      <xmax>392</xmax>
      <ymax>127</ymax>
    </bndbox>
  </object>
  <object>
    <name>pedestrian</name>
    <bndbox>
      <xmin>10</xmin>
      <ymin>180</ymin>
      <xmax>65</xmax>
      <ymax>291</ymax>
    </bndbox>
  </object>
  <object>
    <name>pedestrian</name>
    <bndbox>
      <xmin>167</xmin>
      <ymin>178</ymin>
      <xmax>211</xmax>
      <ymax>287</ymax>
    </bndbox>
  </object>
  <object>
    <name>pedestrian</name>
    <bndbox>
      <xmin>177</xmin>
      <ymin>274</ymin>
      <xmax>232</xmax>
      <ymax>409</ymax>
    </bndbox>
  </object>
</annotation>
