<annotation>
  <filename>2104.jpg</filename>
  <size>
    <width>960</width>
    <height>540</height>
    <depth>3</depth>
  </size>
  <object>
    <name>pedestrian</name>
    <bndbox>
      <xmin>578</xmin>
      <ymin>-1</ymin>
      <xmax>600</xmax>
      <ymax>62</ymax>
    </bndbox>
  </object>
  <object>
    <name>pedestrian</name>
    <bndbox>
      <xmin>584</xmin>
      <ymin>236</ymin>
      <xmax>625</xmax>
      <ymax>365</ymax>
    </bndbox>
  </object>
  <object>
    <name>pedestrian</name>
    <bndbox>
      <xmin>495</xmin>
      <ymin>6</ymin>
      <xmax>519</xmax>
      <ymax>71</ymax>
    </bndbox>
  </object>
  <object>
    <name>pedestrian</name>
    <bndbox>
      <xmin>594</xmin>
      <ymin>-7</ymin>
      <xmax>615</xmax>
      <ymax>55</ymax>
    </bndbox>
  </object>
  <object>
    <name>pedestrian</name>
    <bndbox>
      <xmin>652</xmin>
      <ymin>59</ymin>
      <xmax>679</xmax>
      <ymax>139</ymax>
    </bndbox>
  </object>
  <object>
    <name>pedestrian</name>
    <bndbox>
      <xmin>678</xmin>
      <ymin>64</ymin>
      <xmax>706</xmax>
      <ymax>146</ymax>
    </bndbox>
  </object>
  <object>
    <name>pedestrian</name>
    <bndbox>
      <xmin>560</xmin>
      <ymin>29</ymin>
      <xmax>585</xmax>
      <ymax>101</ymax>
    </bndbox>
  </object>
  <object>
    <name>pedestrian</name>
    <bndbox>
      <xmin>622</xmin>
      <ymin>129</ymin>
      <xmax>654</xmax>
      <ymax>229</ymax>
    </bndbox>
  </object>
  <object>
    <name>pedestrian</name>
    <bndbox>
      <xmin>801</xmin>
      <ymin>60</ymin>
      <xmax>833</xmax>
      <ymax>142</ymax>
    </bndbox>
  </object>
  <object>
    <name>pedestrian</name>
    <bndbox>
      <xmin>408</xmin>
      <ymin>124</ymin>
      <xmax>442</xmax>
      <ymax>222</ymax>
    </bndbox>
  </object>
  <object>
    <name>pedestrian</name>
    <bndbox>
      <xmin>412</xmin>
      <ymin>187</ymin>
      <xmax>451</xmax>
      <ymax>302</ymax>
    </bndbox>
  </object>
  <object>
    <name>pedestrian</name>
    <bndbox>
      <xmin>710</xmin>
      <ymin>14</ymin>
      <xmax>735</xmax>
      <ymax>83</ymax>
    </bndbox>
  </object>
  <object>
    <name>pedestrian</name>
    <bndbox>
      <xmin>864</xmin>
      <ymin>73</ymin>
      <xmax>903</xmax>
      <ymax>160</ymax>
    </bndbox>
  </object>
  <object>
    <name>pedestrian</name>
    <bndbox>
      <xmin>523</xmin>
      <ymin>12</ymin>
      <xmax>547</xmax>
      <ymax>79</ymax>
    </bndbox>
  </object>
</annotation>
