<annotation>
  <filename>2166.jpg</filename>
  <size>
    <width>960</width>
    <height>540</height>
    <depth>3</depth>
  </size>
  <object>
    <name>pedestrian</name>
    <bndbox>
      <xmin>722</xmin>
      <ymin>34</ymin>
      <xmax>749</xmax>
      <ymax>108</ymax>
    </bndbox>
  </object>
  <object>
    <name>pedestrian</name>
    <bndbox>
      <xmin>592</xmin>
      <ymin>4</ymin>
      <xmax>614</xmax>
      <ymax>69</ymax>
    </bndbox>
  </object>
  <object>
    <name>pedestrian</name>
    <bndbox>
      <xmin>554</xmin>
      <ymin>192</ymin>
      <xmax>591</xmax>
      <ymax>310</ymax>
    </bndbox>
  </object>
  <object>
    <name>pedestrian</name>
    <bndbox>
      <xmin>786</xmin>
      <ymin>41</ymin>
      <xmax>817</xmax>
      <ymax>119</ymax>
    </bndbox>
  </object>
  <object>
    <name>pedestrian</name>
    <bndbox>
      <xmin>535</xmin>
      <ymin>88</ymin>
      <xmax>565</xmax>
      <ymax>177</ymax>
    </bndbox>
  </object>
  <object>
    <name>pedestrian</name>
    <bndbox>
      <xmin>691</xmin>
      <ymin>29</ymin>
      <xmax>717</xmax>
      <ymax>102</ymax>
    </bndbox>
  </object>
  <object>
    <name>pedestrian</name>
    <bndbox>
      <xmin>582</xmin>
      <ymin>30</ymin>
      <xmax>606</xmax>
      <ymax>102</ymax>
    </bndbox>
  </object>
  <object>
    <name>pedestrian</name>
    <bndbox>
      <xmin>817</xmin>
      <ymin>49</ymin>
      <xmax>850</xmax>
      <ymax>129</ymax>
    </bndbox>
  </object>
  <object>
    <name>pedestrian</name>
    <bndbox>
      <xmin>453</xmin>
      <ymin>34</ymin>
      <xmax>479</xmax>
      <ymax>106</ymax>
    </bndbox>
  </object>
  <object>
    <name>pedestrian</name>
    <bndbox>
      <xmin>834</xmin>
      <ymin>39</ymin>
      <xmax>867</xmax>
      <ymax>117</ymax>
    </bndbox>
  </object>
  <object>
    <name>pedestrian</name>
    <bndbox>
      <xmin>892</xmin>
      <ymin>112</ymin>
      <xmax>938</xmax>
      <ymax>211</ymax>
    </bndbox>
  </object>
  <object>
    <name>pedestrian</name>
    <bndbox>
      <xmin>122</xmin>
      <ymin>242</ymin>
      <xmax>175</xmax>
      <ymax>368</ymax>
    </bndbox>
  </object>
  <object>
    <name>pedestrian</name>
    <bndbox>
      <xmin>540</xmin>
      <ymin>141</ymin>
      <xmax>574</xmax>
      <ymax>244</ymax>
    </bndbox>
  </object>
  <object>
    <name>pedestrian</name>
    <bndbox>
      <xmin>481</xmin>
      <ymin>328</ymin>
      <xmax>530</xmax>
      <ymax>479</ymax>
    </bndbox>
  </object>
</annotation>
