<annotation>
  <filename>2194.jpg</filename>
  <size>
    <width>960</width>
    <height>540</height>
    <depth>3</depth>
  </size>
  <object>
    <name>pedestrian</name>
    <bndbox>
      <xmin>738</xmin>
      <ymin>22</ymin>
      <xmax>765</xmax>
      <ymax>93</ymax>
    </bndbox>
  </object>
  <object>
    <name>pedestrian</name>
    <bndbox>
      <xmin>604</xmin>
      <ymin>-5</ymin>
      <xmax>625</xmax>
      <ymax>57</ymax>
    </bndbox>
  </object>
  <object>
    <name>pedestrian</name>
    <bndbox>
      <xmin>510</xmin>
      <ymin>226</ymin>
      <xmax>551</xmax>
      <ymax>352</ymax>
    </bndbox>
  </object>
  <object>
    <name>pedestrian</name>
    <bndbox>
      <xmin>788</xmin>
      <ymin>33</ymin>
      <xmax>818</xmax>
      <ymax>108</ymax>
    </bndbox>
  </object>
  <object>
    <name>pedestrian</name>
    <bndbox>
      <xmin>576</xmin>
      <ymin>74</ymin>
      <xmax>604</xmax>
      <ymax>158</ymax>
    </bndbox>
  </object>
  <object>
    <name>pedestrian</name>
    <bndbox>
      <xmin>706</xmin>
      <ymin>18</ymin>
      <xmax>731</xmax>
      <ymax>88</ymax>
    </bndbox>
  </object>
  <object>
    <name>pedestrian</name>
    <bndbox>
      <xmin>516</xmin>
      <ymin>38</ymin>
      <xmax>542</xmax>
      <ymax>112</ymax>
    </bndbox>
  </object>
  <object>
    <name>pedestrian</name>
    <bndbox>
      <xmin>800</xmin>
      <ymin>37</ymin>
      <xmax>831</xmax>
      <ymax>114</ymax>
    </bndbox>
  </object>
  <object>
    <name>pedestrian</name>
    <bndbox>
      <xmin>413</xmin>
      <ymin>44</ymin>
      <xmax>440</xmax>
      <ymax>119</ymax>
    </bndbox>
  </object>
  <object>
    <name>pedestrian</name>
    <bndbox>
      <xmin>830</xmin>
      <ymin>51</ymin>
      <xmax>864</xmax>
      <ymax>132</ymax>
    </bndbox>
  </object>
  <object>
    <name>pedestrian</name>
    <bndbox>
      <xmin>877</xmin>
      <ymin>130</ymin>
      <xmax>922</xmax>
      <ymax>232</ymax>
    </bndbox>
  </object>
  <object>
    <name>pedestrian</name>
    <bndbox>
      <xmin>199</xmin>
      <ymin>203</ymin>
      <xmax>245</xmax>
      <ymax>319</ymax>
    </bndbox>
  </object>
  <object>
    <name>pedestrian</name>
    <bndbox>
      <xmin>590</xmin>
      <ymin>124</ymin>
      <xmax>621</xmax>
      <ymax>222</ymax>
    </bndbox>
  </object>
  <object>
    <name>pedestrian</name>
    <bndbox>
      <xmin>414</xmin>
      <ymin>386</ymin>
      <xmax>470</xmax>
      <ymax>549</ymax>
    </bndbox>
  </object>
  <object>
    <name>pedestrian</name>
    <bndbox>
      <xmin>721</xmin>
      <ymin>481</ymin>
      <xmax>787</xmax>
      <ymax>683</ymax>
    </bndbox>
  </object>
</annotation>
