<annotation>
  <filename>2200.jpg</filename>
  <size>
    <width>960</width>
    <height>540</height>
    <depth>3</depth>
  </size>
  <object>
    <name>pedestrian</name>
    <bndbox>
      <xmin>740</xmin>
      <ymin>19</ymin>
      <xmax>767</xmax>
      <ymax>90</ymax>
    </bndbox>
  </object>
  <object>
    <name>pedestrian</name>
    <bndbox>
      <xmin>503</xmin>
      <ymin>232</ymin>
      <xmax>544</xmax>
      <ymax>360</ymax>
    </bndbox>
  </object>
  <object>
    <name>pedestrian</name>
    <bndbox>
      <xmin>791</xmin>
      <ymin>31</ymin>
      <xmax>821</xmax>
      <ymax>106</ymax>
    </bndbox>
  </object>
  <object>
    <name>pedestrian</name>
    <bndbox>
      <xmin>585</xmin>
      <ymin>72</ymin>
      <xmax>612</xmax>
      <ymax>156</ymax>
    </bndbox>
  </object>
  <object>
    <name>pedestrian</name>
    <bndbox>
      <xmin>709</xmin>
      <ymin>15</ymin>
      <xmax>734</xmax>
      <ymax>84</ymax>
    </bndbox>
  </object>
  <object>
    <name>pedestrian</name>
    <bndbox>
      <xmin>504</xmin>
      <ymin>42</ymin>
      <xmax>530</xmax>
      <ymax>117</ymax>
    </bndbox>
  </object>
  <object>
    <name>pedestrian</name>
    <bndbox>
      <xmin>802</xmin>
      <ymin>36</ymin>
      <xmax>833</xmax>
      <ymax>113</ymax>
    </bndbox>
  </object>
  <object>
    <name>pedestrian</name>
    <bndbox>
      <xmin>405</xmin>
      <ymin>45</ymin>
      <xmax>433</xmax>
      <ymax>120</ymax>
    </bndbox>
  </object>
  <object>
    <name>pedestrian</name>
    <bndbox>
      <xmin>829</xmin>
      <ymin>52</ymin>
      <xmax>863</xmax>
      <ymax>134</ymax>
    </bndbox>
  </object>
  <object>
    <name>pedestrian</name>
    <bndbox>
      <xmin>871</xmin>
      <ymin>135</ymin>
      <xmax>916</xmax>
      <ymax>238</ymax>
    </bndbox>
  </object>
  <object>
    <name>pedestrian</name>
    <bndbox>
      <xmin>214</xmin>
      <ymin>197</ymin>
      <xmax>259</xmax>
      <ymax>313</ymax>
    </bndbox>
  </object>
  <object>
    <name>pedestrian</name>
    <bndbox>
      <xmin>598</xmin>
      <ymin>119</ymin>
      <xmax>629</xmax>
      <ymax>216</ymax>
    </bndbox>
  </object>
  <object>
    <name>pedestrian</name>
    <bndbox>
      <xmin>400</xmin>
      <ymin>397</ymin>
      <xmax>457</xmax>
      <ymax>563</ymax>
    </bndbox>
  </object>
  <object>
    <name>pedestrian</name>
    <bndbox>
      <xmin>728</xmin>
      <ymin>464</ymin>
      <xmax>792</xmax>
      <ymax>659</ymax>
    </bndbox>
  </object>
</annotation>
