<annotation>
  <filename>2203.jpg</filename>
  <size>
    <width>960</width>
    <height>540</height>
    <depth>3</depth>
  </size>
  <object>
    <name>pedestrian</name>
    <bndbox>
      <xmin>741</xmin>
      <ymin>19</ymin>
      <xmax>768</xmax>
      <ymax>89</ymax>
    </bndbox>
  </object>
  <object>
    <name>pedestrian</name>
    <bndbox>
      <xmin>498</xmin>
      <ymin>235</ymin>
      <xmax>539</xmax>
      <ymax>364</ymax>
    </bndbox>
  </object>
  <object>
    <name>pedestrian</name>
    <bndbox>
      <xmin>793</xmin>
      <ymin>30</ymin>
      <xmax>823</xmax>
      <ymax>105</ymax>
    </bndbox>
  </object>
  <object>
    <name>pedestrian</name>
    <bndbox>
      <xmin>589</xmin>
      <ymin>70</ymin>
      <xmax>616</xmax>
      <ymax>154</ymax>
    </bndbox>
  </object>
  <object>
    <name>pedestrian</name>
    <bndbox>
      <xmin>711</xmin>
      <ymin>15</ymin>
      <xmax>736</xmax>
      <ymax>84</ymax>
    </bndbox>
  </object>
  <object>
    <name>pedestrian</name>
    <bndbox>
      <xmin>498</xmin>
      <ymin>40</ymin>
      <xmax>524</xmax>
      <ymax>115</ymax>
    </bndbox>
  </object>
  <object>
    <name>pedestrian</name>
    <bndbox>
      <xmin>804</xmin>
      <ymin>35</ymin>
      <xmax>836</xmax>
      <ymax>111</ymax>
    </bndbox>
  </object>
  <object>
    <name>pedestrian</name>
    <bndbox>
      <xmin>400</xmin>
      <ymin>47</ymin>
      <xmax>427</xmax>
      <ymax>124</ymax>
    </bndbox>
  </object>
  <object>
    <name>pedestrian</name>
    <bndbox>
      <xmin>829</xmin>
      <ymin>55</ymin>
      <xmax>864</xmax>
      <ymax>138</ymax>
    </bndbox>
  </object>
  <object>
    <name>pedestrian</name>
    <bndbox>
      <xmin>868</xmin>
      <ymin>136</ymin>
      <xmax>913</xmax>
      <ymax>240</ymax>
    </bndbox>
  </object>
  <object>
    <name>pedestrian</name>
    <bndbox>
      <xmin>222</xmin>
      <ymin>192</ymin>
      <xmax>266</xmax>
      <ymax>306</ymax>
    </bndbox>
  </object>
  <object>
    <name>pedestrian</name>
    <bndbox>
      <xmin>603</xmin>
      <ymin>116</ymin>
      <xmax>634</xmax>
      <ymax>212</ymax>
    </bndbox>
  </object>
  <object>
    <name>pedestrian</name>
    <bndbox>
      <xmin>393</xmin>
      <ymin>407</ymin>
      <xmax>452</xmax>
      <ymax>576</ymax>
    </bndbox>
  </object>
  <object>
    <name>pedestrian</name>
    <bndbox>
      <xmin>727</xmin>
      <ymin>456</ymin>
      <xmax>791</xmax>
      <ymax>648</ymax>
    </bndbox>
  </object>
</annotation>
