<annotation>
  <filename>2270.jpg</filename>
  <size>
    <width>960</width>
    <height>540</height>
    <depth>3</depth>
  </size>
  <object>
    <name>pedestrian</name>
    <bndbox>
      <xmin>773</xmin>
      <ymin>-6</ymin>
      <xmax>800</xmax>
      <ymax>59</ymax>
    </bndbox>
  </object>
  <object>
    <name>pedestrian</name>
    <bndbox>
      <xmin>357</xmin>
      <ymin>350</ymin>
      <xmax>412</xmax>
      <ymax>505</ymax>
    </bndbox>
  </object>
  <object>
    <name>pedestrian</name>
    <bndbox>
      <xmin>818</xmin>
      <ymin>14</ymin>
      <xmax>848</xmax>
      <ymax>85</ymax>
    </bndbox>
  </object>
  <object>
    <name>pedestrian</name>
    <bndbox>
      <xmin>663</xmin>
      <ymin>41</ymin>
      <xmax>689</xmax>
      <ymax>116</ymax>
    </bndbox>
  </object>
  <object>
    <name>pedestrian</name>
    <bndbox>
      <xmin>361</xmin>
      <ymin>68</ymin>
      <xmax>391</xmax>
      <ymax>150</ymax>
    </bndbox>
  </object>
  <object>
    <name>pedestrian</name>
    <bndbox>
      <xmin>833</xmin>
      <ymin>15</ymin>
      <xmax>865</xmax>
      <ymax>88</ymax>
    </bndbox>
  </object>
  <object>
    <name>pedestrian</name>
    <bndbox>
      <xmin>289</xmin>
      <ymin>82</ymin>
      <xmax>321</xmax>
      <ymax>167</ymax>
    </bndbox>
  </object>
  <object>
    <name>pedestrian</name>
    <bndbox>
      <xmin>846</xmin>
      <ymin>94</ymin>
      <xmax>885</xmax>
      <ymax>186</ymax>
    </bndbox>
  </object>
  <object>
    <name>pedestrian</name>
    <bndbox>
      <xmin>833</xmin>
      <ymin>192</ymin>
      <xmax>880</xmax>
      <ymax>309</ymax>
    </bndbox>
  </object>
  <object>
    <name>pedestrian</name>
    <bndbox>
      <xmin>376</xmin>
      <ymin>128</ymin>
      <xmax>411</xmax>
      <ymax>226</ymax>
    </bndbox>
  </object>
  <object>
    <name>pedestrian</name>
    <bndbox>
      <xmin>710</xmin>
      <ymin>85</ymin>
      <xmax>741</xmax>
      <ymax>173</ymax>
    </bndbox>
  </object>
  <object>
    <name>pedestrian</name>
    <bndbox>
      <xmin>800</xmin>
      <ymin>335</ymin>
      <xmax>858</xmax>
      <ymax>491</ymax>
    </bndbox>
  </object>
  <object>
    <name>pedestrian</name>
    <bndbox>
      <xmin>57</xmin>
      <ymin>203</ymin>
      <xmax>110</xmax>
      <ymax>320</ymax>
    </bndbox>
  </object>
  <object>
    <name>pedestrian</name>
    <bndbox>
      <xmin>877</xmin>
      <ymin>182</ymin>
      <xmax>926</xmax>
      <ymax>298</ymax>
    </bndbox>
  </object>
  <object>
    <name>pedestrian</name>
    <bndbox>
      <xmin>-15</xmin>
      <ymin>396</ymin>
      <xmax>63</xmax>
      <ymax>572</ymax>
    </bndbox>
  </object>
</annotation>
