<annotation>
  <filename>2291.jpg</filename>
  <size>
    <width>960</width>
    <height>540</height>
    <depth>3</depth>
  </size>
  <object>
    <name>pedestrian</name>
    <bndbox>
      <xmin>294</xmin>
      <ymin>396</ymin>
      <xmax>355</xmax>
      <ymax>561</ymax>
    </bndbox>
  </object>
  <object>
    <name>pedestrian</name>
    <bndbox>
      <xmin>833</xmin>
      <ymin>9</ymin>
      <xmax>865</xmax>
      <ymax>80</ymax>
    </bndbox>
  </object>
  <object>
    <name>pedestrian</name>
    <bndbox>
      <xmin>681</xmin>
      <ymin>29</ymin>
      <xmax>707</xmax>
      <ymax>101</ymax>
    </bndbox>
  </object>
  <object>
    <name>pedestrian</name>
    <bndbox>
      <xmin>326</xmin>
      <ymin>79</ymin>
      <xmax>357</xmax>
      <ymax>163</ymax>
    </bndbox>
  </object>
  <object>
    <name>pedestrian</name>
    <bndbox>
      <xmin>843</xmin>
      <ymin>10</ymin>
      <xmax>875</xmax>
      <ymax>82</ymax>
    </bndbox>
  </object>
  <object>
    <name>pedestrian</name>
    <bndbox>
      <xmin>248</xmin>
      <ymin>91</ymin>
      <xmax>282</xmax>
      <ymax>178</ymax>
    </bndbox>
  </object>
  <object>
    <name>pedestrian</name>
    <bndbox>
      <xmin>846</xmin>
      <ymin>108</ymin>
      <xmax>886</xmax>
      <ymax>204</ymax>
    </bndbox>
  </object>
  <object>
    <name>pedestrian</name>
    <bndbox>
      <xmin>816</xmin>
      <ymin>211</ymin>
      <xmax>863</xmax>
      <ymax>333</ymax>
    </bndbox>
  </object>
  <object>
    <name>pedestrian</name>
    <bndbox>
      <xmin>415</xmin>
      <ymin>109</ymin>
      <xmax>448</xmax>
      <ymax>203</ymax>
    </bndbox>
  </object>
  <object>
    <name>pedestrian</name>
    <bndbox>
      <xmin>743</xmin>
      <ymin>75</ymin>
      <xmax>774</xmax>
      <ymax>160</ymax>
    </bndbox>
  </object>
  <object>
    <name>pedestrian</name>
    <bndbox>
      <xmin>826</xmin>
      <ymin>310</ymin>
      <xmax>883</xmax>
      <ymax>459</ymax>
    </bndbox>
  </object>
  <object>
    <name>pedestrian</name>
    <bndbox>
      <xmin>113</xmin>
      <ymin>181</ymin>
      <xmax>161</xmax>
      <ymax>291</ymax>
    </bndbox>
  </object>
  <object>
    <name>pedestrian</name>
    <bndbox>
      <xmin>864</xmin>
      <ymin>203</ymin>
      <xmax>914</xmax>
      <ymax>324</ymax>
    </bndbox>
  </object>
  <object>
    <name>pedestrian</name>
    <bndbox>
      <xmin>41</xmin>
      <ymin>352</ymin>
      <xmax>110</xmax>
      <ymax>510</ymax>
    </bndbox>
  </object>
  <object>
    <name>pedestrian</name>
    <bndbox>
      <xmin>615</xmin>
      <ymin>-1</ymin>
      <xmax>637</xmax>
      <ymax>63</ymax>
    </bndbox>
  </object>
  <object>
    <name>pedestrian</name>
    <bndbox>
      <xmin>637</xmin>
      <ymin>1</ymin>
      <xmax>660</xmax>
      <ymax>65</ymax>
    </bndbox>
  </object>
</annotation>
