<annotation>
  <filename>2297.jpg</filename>
  <size>
    <width>960</width>
    <height>540</height>
    <depth>3</depth>
  </size>
  <object>
    <name>pedestrian</name>
    <bndbox>
      <xmin>272</xmin>
      <ymin>405</ymin>
      <xmax>336</xmax>
      <ymax>573</ymax>
    </bndbox>
  </object>
  <object>
    <name>pedestrian</name>
    <bndbox>
      <xmin>836</xmin>
      <ymin>6</ymin>
      <xmax>867</xmax>
      <ymax>77</ymax>
    </bndbox>
  </object>
  <object>
    <name>pedestrian</name>
    <bndbox>
      <xmin>686</xmin>
      <ymin>29</ymin>
      <xmax>712</xmax>
      <ymax>101</ymax>
    </bndbox>
  </object>
  <object>
    <name>pedestrian</name>
    <bndbox>
      <xmin>313</xmin>
      <ymin>82</ymin>
      <xmax>344</xmax>
      <ymax>168</ymax>
    </bndbox>
  </object>
  <object>
    <name>pedestrian</name>
    <bndbox>
      <xmin>847</xmin>
      <ymin>9</ymin>
      <xmax>879</xmax>
      <ymax>81</ymax>
    </bndbox>
  </object>
  <object>
    <name>pedestrian</name>
    <bndbox>
      <xmin>237</xmin>
      <ymin>96</ymin>
      <xmax>271</xmax>
      <ymax>184</ymax>
    </bndbox>
  </object>
  <object>
    <name>pedestrian</name>
    <bndbox>
      <xmin>846</xmin>
      <ymin>114</ymin>
      <xmax>887</xmax>
      <ymax>211</ymax>
    </bndbox>
  </object>
  <object>
    <name>pedestrian</name>
    <bndbox>
      <xmin>810</xmin>
      <ymin>218</ymin>
      <xmax>857</xmax>
      <ymax>342</ymax>
    </bndbox>
  </object>
  <object>
    <name>pedestrian</name>
    <bndbox>
      <xmin>424</xmin>
      <ymin>107</ymin>
      <xmax>457</xmax>
      <ymax>200</ymax>
    </bndbox>
  </object>
  <object>
    <name>pedestrian</name>
    <bndbox>
      <xmin>749</xmin>
      <ymin>73</ymin>
      <xmax>780</xmax>
      <ymax>158</ymax>
    </bndbox>
  </object>
  <object>
    <name>pedestrian</name>
    <bndbox>
      <xmin>831</xmin>
      <ymin>299</ymin>
      <xmax>887</xmax>
      <ymax>444</ymax>
    </bndbox>
  </object>
  <object>
    <name>pedestrian</name>
    <bndbox>
      <xmin>126</xmin>
      <ymin>174</ymin>
      <xmax>172</xmax>
      <ymax>283</ymax>
    </bndbox>
  </object>
  <object>
    <name>pedestrian</name>
    <bndbox>
      <xmin>861</xmin>
      <ymin>210</ymin>
      <xmax>912</xmax>
      <ymax>332</ymax>
    </bndbox>
  </object>
  <object>
    <name>pedestrian</name>
    <bndbox>
      <xmin>59</xmin>
      <ymin>345</ymin>
      <xmax>126</xmax>
      <ymax>500</ymax>
    </bndbox>
  </object>
  <object>
    <name>pedestrian</name>
    <bndbox>
      <xmin>610</xmin>
      <ymin>1</ymin>
      <xmax>632</xmax>
      <ymax>65</ymax>
    </bndbox>
  </object>
  <object>
    <name>pedestrian</name>
    <bndbox>
      <xmin>634</xmin>
      <ymin>0</ymin>
      <xmax>656</xmax>
      <ymax>64</ymax>
    </bndbox>
  </object>
</annotation>
