<annotation>
  <filename>2401.jpg</filename>
  <size>
    <width>960</width>
    <height>540</height>
    <depth>3</depth>
  </size>
  <object>
    <name>pedestrian</name>
    <bndbox>
      <xmin>113</xmin>
      <ymin>150</ymin>
      <xmax>157</xmax>
      <ymax>252</ymax>
    </bndbox>
  </object>
  <object>
    <name>pedestrian</name>
    <bndbox>
      <xmin>37</xmin>
      <ymin>176</ymin>
      <xmax>90</xmax>
      <ymax>285</ymax>
    </bndbox>
  </object>
  <object>
    <name>pedestrian</name>
    <bndbox>
      <xmin>800</xmin>
      <ymin>200</ymin>
      <xmax>845</xmax>
      <ymax>319</ymax>
    </bndbox>
  </object>
  <object>
    <name>pedestrian</name>
    <bndbox>
      <xmin>700</xmin>
      <ymin>356</ymin>
      <xmax>756</xmax>
      <ymax>515</ymax>
    </bndbox>
  </object>
  <object>
    <name>pedestrian</name>
    <bndbox>
      <xmin>582</xmin>
      <ymin>41</ymin>
      <xmax>607</xmax>
      <ymax>117</ymax>
    </bndbox>
  </object>
  <object>
    <name>pedestrian</name>
    <bndbox>
      <xmin>845</xmin>
      <ymin>31</ymin>
      <xmax>879</xmax>
      <ymax>108</ymax>
    </bndbox>
  </object>
  <object>
    <name>pedestrian</name>
    <bndbox>
      <xmin>298</xmin>
      <ymin>94</ymin>
      <xmax>331</xmax>
      <ymax>183</ymax>
    </bndbox>
  </object>
  <object>
    <name>pedestrian</name>
    <bndbox>
      <xmin>824</xmin>
      <ymin>354</ymin>
      <xmax>885</xmax>
      <ymax>516</ymax>
    </bndbox>
  </object>
  <object>
    <name>pedestrian</name>
    <bndbox>
      <xmin>275</xmin>
      <ymin>204</ymin>
      <xmax>319</xmax>
      <ymax>322</ymax>
    </bndbox>
  </object>
  <object>
    <name>pedestrian</name>
    <bndbox>
      <xmin>544</xmin>
      <ymin>34</ymin>
      <xmax>569</xmax>
      <ymax>108</ymax>
    </bndbox>
  </object>
  <object>
    <name>pedestrian</name>
    <bndbox>
      <xmin>575</xmin>
      <ymin>32</ymin>
      <xmax>599</xmax>
      <ymax>104</ymax>
    </bndbox>
  </object>
  <object>
    <name>pedestrian</name>
    <bndbox>
      <xmin>766</xmin>
      <ymin>16</ymin>
      <xmax>794</xmax>
      <ymax>87</ymax>
    </bndbox>
  </object>
  <object>
    <name>pedestrian</name>
    <bndbox>
      <xmin>789</xmin>
      <ymin>17</ymin>
      <xmax>818</xmax>
      <ymax>89</ymax>
    </bndbox>
  </object>
  <object>
    <name>pedestrian</name>
    <bndbox>
      <xmin>751</xmin>
      <ymin>358</ymin>
      <xmax>809</xmax>
      <ymax>519</ymax>
    </bndbox>
  </object>
  <object>
    <name>pedestrian</name>
    <bndbox>
      <xmin>474</xmin>
      <ymin>464</ymin>
      <xmax>533</xmax>
      <ymax>647</ymax>
    </bndbox>
  </object>
</annotation>
