<annotation>
  <filename>2444.jpg</filename>
  <size>
    <width>960</width>
    <height>540</height>
    <depth>3</depth>
  </size>
  <object>
    <name>pedestrian</name>
    <bndbox>
      <xmin>744</xmin>
      <ymin>249</ymin>
      <xmax>791</xmax>
      <ymax>381</ymax>
    </bndbox>
  </object>
  <object>
    <name>pedestrian</name>
    <bndbox>
      <xmin>658</xmin>
      <ymin>434</ymin>
      <xmax>719</xmax>
      <ymax>614</ymax>
    </bndbox>
  </object>
  <object>
    <name>pedestrian</name>
    <bndbox>
      <xmin>618</xmin>
      <ymin>21</ymin>
      <xmax>641</xmax>
      <ymax>91</ymax>
    </bndbox>
  </object>
  <object>
    <name>pedestrian</name>
    <bndbox>
      <xmin>369</xmin>
      <ymin>66</ymin>
      <xmax>398</xmax>
      <ymax>147</ymax>
    </bndbox>
  </object>
  <object>
    <name>pedestrian</name>
    <bndbox>
      <xmin>792</xmin>
      <ymin>431</ymin>
      <xmax>857</xmax>
      <ymax>617</ymax>
    </bndbox>
  </object>
  <object>
    <name>pedestrian</name>
    <bndbox>
      <xmin>333</xmin>
      <ymin>164</ymin>
      <xmax>372</xmax>
      <ymax>273</ymax>
    </bndbox>
  </object>
  <object>
    <name>pedestrian</name>
    <bndbox>
      <xmin>504</xmin>
      <ymin>52</ymin>
      <xmax>531</xmax>
      <ymax>130</ymax>
    </bndbox>
  </object>
  <object>
    <name>pedestrian</name>
    <bndbox>
      <xmin>537</xmin>
      <ymin>49</ymin>
      <xmax>564</xmax>
      <ymax>127</ymax>
    </bndbox>
  </object>
  <object>
    <name>pedestrian</name>
    <bndbox>
      <xmin>745</xmin>
      <ymin>37</ymin>
      <xmax>773</xmax>
      <ymax>113</ymax>
    </bndbox>
  </object>
  <object>
    <name>pedestrian</name>
    <bndbox>
      <xmin>772</xmin>
      <ymin>35</ymin>
      <xmax>801</xmax>
      <ymax>110</ymax>
    </bndbox>
  </object>
  <object>
    <name>pedestrian</name>
    <bndbox>
      <xmin>815</xmin>
      <ymin>277</ymin>
      <xmax>868</xmax>
      <ymax>417</ymax>
    </bndbox>
  </object>
  <object>
    <name>pedestrian</name>
    <bndbox>
      <xmin>514</xmin>
      <ymin>418</ymin>
      <xmax>568</xmax>
      <ymax>590</ymax>
    </bndbox>
  </object>
  <object>
    <name>pedestrian</name>
    <bndbox>
      <xmin>399</xmin>
      <ymin>28</ymin>
      <xmax>425</xmax>
      <ymax>99</ymax>
    </bndbox>
  </object>
  <object>
    <name>pedestrian</name>
    <bndbox>
      <xmin>790</xmin>
      <ymin>10</ymin>
      <xmax>819</xmax>
      <ymax>80</ymax>
    </bndbox>
  </object>
</annotation>
