<annotation>
  <filename>2447.jpg</filename>
  <size>
    <width>960</width>
    <height>540</height>
    <depth>3</depth>
  </size>
  <object>
    <name>pedestrian</name>
    <bndbox>
      <xmin>740</xmin>
      <ymin>252</ymin>
      <xmax>788</xmax>
      <ymax>384</ymax>
    </bndbox>
  </object>
  <object>
    <name>pedestrian</name>
    <bndbox>
      <xmin>656</xmin>
      <ymin>439</ymin>
      <xmax>717</xmax>
      <ymax>620</ymax>
    </bndbox>
  </object>
  <object>
    <name>pedestrian</name>
    <bndbox>
      <xmin>620</xmin>
      <ymin>19</ymin>
      <xmax>644</xmax>
      <ymax>88</ymax>
    </bndbox>
  </object>
  <object>
    <name>pedestrian</name>
    <bndbox>
      <xmin>373</xmin>
      <ymin>65</ymin>
      <xmax>403</xmax>
      <ymax>146</ymax>
    </bndbox>
  </object>
  <object>
    <name>pedestrian</name>
    <bndbox>
      <xmin>789</xmin>
      <ymin>436</ymin>
      <xmax>854</xmax>
      <ymax>624</ymax>
    </bndbox>
  </object>
  <object>
    <name>pedestrian</name>
    <bndbox>
      <xmin>336</xmin>
      <ymin>161</ymin>
      <xmax>375</xmax>
      <ymax>269</ymax>
    </bndbox>
  </object>
  <object>
    <name>pedestrian</name>
    <bndbox>
      <xmin>502</xmin>
      <ymin>53</ymin>
      <xmax>529</xmax>
      <ymax>131</ymax>
    </bndbox>
  </object>
  <object>
    <name>pedestrian</name>
    <bndbox>
      <xmin>536</xmin>
      <ymin>52</ymin>
      <xmax>563</xmax>
      <ymax>130</ymax>
    </bndbox>
  </object>
  <object>
    <name>pedestrian</name>
    <bndbox>
      <xmin>743</xmin>
      <ymin>38</ymin>
      <xmax>771</xmax>
      <ymax>113</ymax>
    </bndbox>
  </object>
  <object>
    <name>pedestrian</name>
    <bndbox>
      <xmin>771</xmin>
      <ymin>36</ymin>
      <xmax>801</xmax>
      <ymax>112</ymax>
    </bndbox>
  </object>
  <object>
    <name>pedestrian</name>
    <bndbox>
      <xmin>819</xmin>
      <ymin>271</ymin>
      <xmax>872</xmax>
      <ymax>409</ymax>
    </bndbox>
  </object>
  <object>
    <name>pedestrian</name>
    <bndbox>
      <xmin>517</xmin>
      <ymin>415</ymin>
      <xmax>572</xmax>
      <ymax>586</ymax>
    </bndbox>
  </object>
  <object>
    <name>pedestrian</name>
    <bndbox>
      <xmin>398</xmin>
      <ymin>29</ymin>
      <xmax>424</xmax>
      <ymax>100</ymax>
    </bndbox>
  </object>
  <object>
    <name>pedestrian</name>
    <bndbox>
      <xmin>789</xmin>
      <ymin>12</ymin>
      <xmax>817</xmax>
      <ymax>82</ymax>
    </bndbox>
  </object>
</annotation>
