<annotation>
  <filename>2489.jpg</filename>
  <size>
    <width>960</width>
    <height>540</height>
    <depth>3</depth>
  </size>
  <object>
    <name>pedestrian</name>
    <bndbox>
      <xmin>661</xmin>
      <ymin>313</ymin>
      <xmax>712</xmax>
      <ymax>460</ymax>
    </bndbox>
  </object>
  <object>
    <name>pedestrian</name>
    <bndbox>
      <xmin>649</xmin>
      <ymin>3</ymin>
      <xmax>671</xmax>
      <ymax>68</ymax>
    </bndbox>
  </object>
  <object>
    <name>pedestrian</name>
    <bndbox>
      <xmin>436</xmin>
      <ymin>40</ymin>
      <xmax>462</xmax>
      <ymax>115</ymax>
    </bndbox>
  </object>
  <object>
    <name>pedestrian</name>
    <bndbox>
      <xmin>410</xmin>
      <ymin>130</ymin>
      <xmax>445</xmax>
      <ymax>230</ymax>
    </bndbox>
  </object>
  <object>
    <name>pedestrian</name>
    <bndbox>
      <xmin>464</xmin>
      <ymin>72</ymin>
      <xmax>494</xmax>
      <ymax>156</ymax>
    </bndbox>
  </object>
  <object>
    <name>pedestrian</name>
    <bndbox>
      <xmin>500</xmin>
      <ymin>69</ymin>
      <xmax>528</xmax>
      <ymax>152</ymax>
    </bndbox>
  </object>
  <object>
    <name>pedestrian</name>
    <bndbox>
      <xmin>722</xmin>
      <ymin>61</ymin>
      <xmax>751</xmax>
      <ymax>143</ymax>
    </bndbox>
  </object>
  <object>
    <name>pedestrian</name>
    <bndbox>
      <xmin>751</xmin>
      <ymin>62</ymin>
      <xmax>782</xmax>
      <ymax>145</ymax>
    </bndbox>
  </object>
  <object>
    <name>pedestrian</name>
    <bndbox>
      <xmin>874</xmin>
      <ymin>213</ymin>
      <xmax>927</xmax>
      <ymax>336</ymax>
    </bndbox>
  </object>
  <object>
    <name>pedestrian</name>
    <bndbox>
      <xmin>532</xmin>
      <ymin>372</ymin>
      <xmax>583</xmax>
      <ymax>533</ymax>
    </bndbox>
  </object>
  <object>
    <name>pedestrian</name>
    <bndbox>
      <xmin>360</xmin>
      <ymin>46</ymin>
      <xmax>388</xmax>
      <ymax>122</ymax>
    </bndbox>
  </object>
  <object>
    <name>pedestrian</name>
    <bndbox>
      <xmin>768</xmin>
      <ymin>35</ymin>
      <xmax>797</xmax>
      <ymax>111</ymax>
    </bndbox>
  </object>
</annotation>
