<annotation>
  <filename>251.jpg</filename>
  <size>
    <width>960</width>
    <height>540</height>
    <depth>3</depth>
  </size>
  <object>
    <name>pedestrian</name>
    <bndbox>
      <xmin>484</xmin>
      <ymin>-2</ymin>
      <xmax>506</xmax>
      <ymax>60</ymax>
    </bndbox>
  </object>
  <object>
    <name>pedestrian</name>
    <bndbox>
      <xmin>672</xmin>
      <ymin>-7</ymin>
      <xmax>695</xmax>
      <ymax>56</ymax>
    </bndbox>
  </object>
  <object>
    <name>pedestrian</name>
    <bndbox>
      <xmin>673</xmin>
      <ymin>133</ymin>
      <xmax>707</xmax>
      <ymax>234</ymax>
    </bndbox>
  </object>
  <object>
    <name>pedestrian</name>
    <bndbox>
      <xmin>287</xmin>
      <ymin>87</ymin>
      <xmax>319</xmax>
      <ymax>174</ymax>
    </bndbox>
  </object>
  <object>
    <name>pedestrian</name>
    <bndbox>
      <xmin>237</xmin>
      <ymin>133</ymin>
      <xmax>275</xmax>
      <ymax>231</ymax>
    </bndbox>
  </object>
  <object>
    <name>pedestrian</name>
    <bndbox>
      <xmin>777</xmin>
      <ymin>342</ymin>
      <xmax>834</xmax>
      <ymax>498</ymax>
    </bndbox>
  </object>
  <object>
    <name>pedestrian</name>
    <bndbox>
      <xmin>126</xmin>
      <ymin>147</ymin>
      <xmax>169</xmax>
      <ymax>249</ymax>
    </bndbox>
  </object>
  <object>
    <name>pedestrian</name>
    <bndbox>
      <xmin>686</xmin>
      <ymin>1</ymin>
      <xmax>710</xmax>
      <ymax>67</ymax>
    </bndbox>
  </object>
  <object>
    <name>pedestrian</name>
    <bndbox>
      <xmin>490</xmin>
      <ymin>452</ymin>
      <xmax>548</xmax>
      <ymax>632</ymax>
    </bndbox>
  </object>
  <object>
    <name>pedestrian</name>
    <bndbox>
      <xmin>6</xmin>
      <ymin>274</ymin>
      <xmax>71</xmax>
      <ymax>410</ymax>
    </bndbox>
  </object>
</annotation>
