<annotation>
  <filename>2580.jpg</filename>
  <size>
    <width>960</width>
    <height>540</height>
    <depth>3</depth>
  </size>
  <object>
    <name>pedestrian</name>
    <bndbox>
      <xmin>357</xmin>
      <ymin>473</ymin>
      <xmax>422</xmax>
      <ymax>660</ymax>
    </bndbox>
  </object>
  <object>
    <name>pedestrian</name>
    <bndbox>
      <xmin>533</xmin>
      <ymin>4</ymin>
      <xmax>555</xmax>
      <ymax>68</ymax>
    </bndbox>
  </object>
  <object>
    <name>pedestrian</name>
    <bndbox>
      <xmin>537</xmin>
      <ymin>78</ymin>
      <xmax>566</xmax>
      <ymax>164</ymax>
    </bndbox>
  </object>
  <object>
    <name>pedestrian</name>
    <bndbox>
      <xmin>362</xmin>
      <ymin>123</ymin>
      <xmax>397</xmax>
      <ymax>220</ymax>
    </bndbox>
  </object>
  <object>
    <name>pedestrian</name>
    <bndbox>
      <xmin>404</xmin>
      <ymin>122</ymin>
      <xmax>438</xmax>
      <ymax>219</ymax>
    </bndbox>
  </object>
  <object>
    <name>pedestrian</name>
    <bndbox>
      <xmin>644</xmin>
      <ymin>122</ymin>
      <xmax>676</xmax>
      <ymax>220</ymax>
    </bndbox>
  </object>
  <object>
    <name>pedestrian</name>
    <bndbox>
      <xmin>671</xmin>
      <ymin>124</ymin>
      <xmax>704</xmax>
      <ymax>223</ymax>
    </bndbox>
  </object>
  <object>
    <name>pedestrian</name>
    <bndbox>
      <xmin>559</xmin>
      <ymin>296</ymin>
      <xmax>605</xmax>
      <ymax>439</ymax>
    </bndbox>
  </object>
  <object>
    <name>pedestrian</name>
    <bndbox>
      <xmin>209</xmin>
      <ymin>98</ymin>
      <xmax>244</xmax>
      <ymax>187</ymax>
    </bndbox>
  </object>
  <object>
    <name>pedestrian</name>
    <bndbox>
      <xmin>681</xmin>
      <ymin>76</ymin>
      <xmax>710</xmax>
      <ymax>161</ymax>
    </bndbox>
  </object>
  <object>
    <name>pedestrian</name>
    <bndbox>
      <xmin>862</xmin>
      <ymin>137</ymin>
      <xmax>906</xmax>
      <ymax>241</ymax>
    </bndbox>
  </object>
  <object>
    <name>pedestrian</name>
    <bndbox>
      <xmin>555</xmin>
      <ymin>28</ymin>
      <xmax>579</xmax>
      <ymax>99</ymax>
    </bndbox>
  </object>
  <object>
    <name>pedestrian</name>
    <bndbox>
      <xmin>759</xmin>
      <ymin>346</ymin>
      <xmax>816</xmax>
      <ymax>504</ymax>
    </bndbox>
  </object>
  <object>
    <name>pedestrian</name>
    <bndbox>
      <xmin>904</xmin>
      <ymin>67</ymin>
      <xmax>947</xmax>
      <ymax>156</ymax>
    </bndbox>
  </object>
</annotation>
