<annotation>
  <filename>2627.jpg</filename>
  <size>
    <width>960</width>
    <height>540</height>
    <depth>3</depth>
  </size>
  <object>
    <name>pedestrian</name>
    <bndbox>
      <xmin>590</xmin>
      <ymin>54</ymin>
      <xmax>616</xmax>
      <ymax>133</ymax>
    </bndbox>
  </object>
  <object>
    <name>pedestrian</name>
    <bndbox>
      <xmin>286</xmin>
      <ymin>157</ymin>
      <xmax>325</xmax>
      <ymax>263</ymax>
    </bndbox>
  </object>
  <object>
    <name>pedestrian</name>
    <bndbox>
      <xmin>325</xmin>
      <ymin>157</ymin>
      <xmax>363</xmax>
      <ymax>264</ymax>
    </bndbox>
  </object>
  <object>
    <name>pedestrian</name>
    <bndbox>
      <xmin>585</xmin>
      <ymin>162</ymin>
      <xmax>620</xmax>
      <ymax>271</ymax>
    </bndbox>
  </object>
  <object>
    <name>pedestrian</name>
    <bndbox>
      <xmin>623</xmin>
      <ymin>167</ymin>
      <xmax>659</xmax>
      <ymax>278</ymax>
    </bndbox>
  </object>
  <object>
    <name>pedestrian</name>
    <bndbox>
      <xmin>599</xmin>
      <ymin>265</ymin>
      <xmax>643</xmax>
      <ymax>401</ymax>
    </bndbox>
  </object>
  <object>
    <name>pedestrian</name>
    <bndbox>
      <xmin>115</xmin>
      <ymin>135</ymin>
      <xmax>158</xmax>
      <ymax>233</ymax>
    </bndbox>
  </object>
  <object>
    <name>pedestrian</name>
    <bndbox>
      <xmin>629</xmin>
      <ymin>107</ymin>
      <xmax>660</xmax>
      <ymax>201</ymax>
    </bndbox>
  </object>
  <object>
    <name>pedestrian</name>
    <bndbox>
      <xmin>839</xmin>
      <ymin>175</ymin>
      <xmax>885</xmax>
      <ymax>288</ymax>
    </bndbox>
  </object>
  <object>
    <name>pedestrian</name>
    <bndbox>
      <xmin>507</xmin>
      <ymin>50</ymin>
      <xmax>534</xmax>
      <ymax>128</ymax>
    </bndbox>
  </object>
  <object>
    <name>pedestrian</name>
    <bndbox>
      <xmin>746</xmin>
      <ymin>261</ymin>
      <xmax>794</xmax>
      <ymax>395</ymax>
    </bndbox>
  </object>
  <object>
    <name>pedestrian</name>
    <bndbox>
      <xmin>875</xmin>
      <ymin>94</ymin>
      <xmax>917</xmax>
      <ymax>187</ymax>
    </bndbox>
  </object>
  <object>
    <name>pedestrian</name>
    <bndbox>
      <xmin>865</xmin>
      <ymin>143</ymin>
      <xmax>910</xmax>
      <ymax>248</ymax>
    </bndbox>
  </object>
  <object>
    <name>pedestrian</name>
    <bndbox>
      <xmin>894</xmin>
      <ymin>119</ymin>
      <xmax>940</xmax>
      <ymax>219</ymax>
    </bndbox>
  </object>
  <object>
    <name>pedestrian</name>
    <bndbox>
      <xmin>15</xmin>
      <ymin>238</ymin>
      <xmax>76</xmax>
      <ymax>364</ymax>
    </bndbox>
  </object>
</annotation>
