<annotation>
  <filename>2631.jpg</filename>
  <size>
    <width>960</width>
    <height>540</height>
    <depth>3</depth>
  </size>
  <object>
    <name>pedestrian</name>
    <bndbox>
      <xmin>591</xmin>
      <ymin>53</ymin>
      <xmax>617</xmax>
      <ymax>132</ymax>
    </bndbox>
  </object>
  <object>
    <name>pedestrian</name>
    <bndbox>
      <xmin>280</xmin>
      <ymin>159</ymin>
      <xmax>320</xmax>
      <ymax>265</ymax>
    </bndbox>
  </object>
  <object>
    <name>pedestrian</name>
    <bndbox>
      <xmin>316</xmin>
      <ymin>161</ymin>
      <xmax>355</xmax>
      <ymax>268</ymax>
    </bndbox>
  </object>
  <object>
    <name>pedestrian</name>
    <bndbox>
      <xmin>581</xmin>
      <ymin>166</ymin>
      <xmax>616</xmax>
      <ymax>277</ymax>
    </bndbox>
  </object>
  <object>
    <name>pedestrian</name>
    <bndbox>
      <xmin>617</xmin>
      <ymin>174</ymin>
      <xmax>653</xmax>
      <ymax>287</ymax>
    </bndbox>
  </object>
  <object>
    <name>pedestrian</name>
    <bndbox>
      <xmin>605</xmin>
      <ymin>263</ymin>
      <xmax>649</xmax>
      <ymax>398</ymax>
    </bndbox>
  </object>
  <object>
    <name>pedestrian</name>
    <bndbox>
      <xmin>106</xmin>
      <ymin>137</ymin>
      <xmax>149</xmax>
      <ymax>236</ymax>
    </bndbox>
  </object>
  <object>
    <name>pedestrian</name>
    <bndbox>
      <xmin>624</xmin>
      <ymin>109</ymin>
      <xmax>655</xmax>
      <ymax>203</ymax>
    </bndbox>
  </object>
  <object>
    <name>pedestrian</name>
    <bndbox>
      <xmin>836</xmin>
      <ymin>181</ymin>
      <xmax>882</xmax>
      <ymax>295</ymax>
    </bndbox>
  </object>
  <object>
    <name>pedestrian</name>
    <bndbox>
      <xmin>500</xmin>
      <ymin>54</ymin>
      <xmax>527</xmax>
      <ymax>132</ymax>
    </bndbox>
  </object>
  <object>
    <name>pedestrian</name>
    <bndbox>
      <xmin>746</xmin>
      <ymin>258</ymin>
      <xmax>794</xmax>
      <ymax>391</ymax>
    </bndbox>
  </object>
  <object>
    <name>pedestrian</name>
    <bndbox>
      <xmin>873</xmin>
      <ymin>95</ymin>
      <xmax>914</xmax>
      <ymax>188</ymax>
    </bndbox>
  </object>
  <object>
    <name>pedestrian</name>
    <bndbox>
      <xmin>862</xmin>
      <ymin>144</ymin>
      <xmax>907</xmax>
      <ymax>250</ymax>
    </bndbox>
  </object>
  <object>
    <name>pedestrian</name>
    <bndbox>
      <xmin>892</xmin>
      <ymin>122</ymin>
      <xmax>938</xmax>
      <ymax>223</ymax>
    </bndbox>
  </object>
  <object>
    <name>pedestrian</name>
    <bndbox>
      <xmin>26</xmin>
      <ymin>231</ymin>
      <xmax>84</xmax>
      <ymax>355</ymax>
    </bndbox>
  </object>
</annotation>
