<annotation>
  <filename>2669.jpg</filename>
  <size>
    <width>960</width>
    <height>540</height>
    <depth>3</depth>
  </size>
  <object>
    <name>pedestrian</name>
    <bndbox>
      <xmin>620</xmin>
      <ymin>37</ymin>
      <xmax>645</xmax>
      <ymax>111</ymax>
    </bndbox>
  </object>
  <object>
    <name>pedestrian</name>
    <bndbox>
      <xmin>216</xmin>
      <ymin>192</ymin>
      <xmax>260</xmax>
      <ymax>306</ymax>
    </bndbox>
  </object>
  <object>
    <name>pedestrian</name>
    <bndbox>
      <xmin>253</xmin>
      <ymin>193</ymin>
      <xmax>297</xmax>
      <ymax>308</ymax>
    </bndbox>
  </object>
  <object>
    <name>pedestrian</name>
    <bndbox>
      <xmin>532</xmin>
      <ymin>217</ymin>
      <xmax>571</xmax>
      <ymax>341</ymax>
    </bndbox>
  </object>
  <object>
    <name>pedestrian</name>
    <bndbox>
      <xmin>568</xmin>
      <ymin>215</ymin>
      <xmax>607</xmax>
      <ymax>339</ymax>
    </bndbox>
  </object>
  <object>
    <name>pedestrian</name>
    <bndbox>
      <xmin>636</xmin>
      <ymin>240</ymin>
      <xmax>679</xmax>
      <ymax>370</ymax>
    </bndbox>
  </object>
  <object>
    <name>pedestrian</name>
    <bndbox>
      <xmin>21</xmin>
      <ymin>177</ymin>
      <xmax>75</xmax>
      <ymax>287</ymax>
    </bndbox>
  </object>
  <object>
    <name>pedestrian</name>
    <bndbox>
      <xmin>579</xmin>
      <ymin>139</ymin>
      <xmax>612</xmax>
      <ymax>242</ymax>
    </bndbox>
  </object>
  <object>
    <name>pedestrian</name>
    <bndbox>
      <xmin>821</xmin>
      <ymin>214</ymin>
      <xmax>868</xmax>
      <ymax>337</ymax>
    </bndbox>
  </object>
  <object>
    <name>pedestrian</name>
    <bndbox>
      <xmin>451</xmin>
      <ymin>74</ymin>
      <xmax>481</xmax>
      <ymax>159</ymax>
    </bndbox>
  </object>
  <object>
    <name>pedestrian</name>
    <bndbox>
      <xmin>750</xmin>
      <ymin>204</ymin>
      <xmax>793</xmax>
      <ymax>324</ymax>
    </bndbox>
  </object>
  <object>
    <name>pedestrian</name>
    <bndbox>
      <xmin>857</xmin>
      <ymin>119</ymin>
      <xmax>899</xmax>
      <ymax>218</ymax>
    </bndbox>
  </object>
  <object>
    <name>pedestrian</name>
    <bndbox>
      <xmin>815</xmin>
      <ymin>189</ymin>
      <xmax>860</xmax>
      <ymax>305</ymax>
    </bndbox>
  </object>
  <object>
    <name>pedestrian</name>
    <bndbox>
      <xmin>864</xmin>
      <ymin>161</ymin>
      <xmax>910</xmax>
      <ymax>271</ymax>
    </bndbox>
  </object>
  <object>
    <name>pedestrian</name>
    <bndbox>
      <xmin>112</xmin>
      <ymin>189</ymin>
      <xmax>160</xmax>
      <ymax>301</ymax>
    </bndbox>
  </object>
  <object>
    <name>pedestrian</name>
    <bndbox>
      <xmin>881</xmin>
      <ymin>214</ymin>
      <xmax>934</xmax>
      <ymax>338</ymax>
    </bndbox>
  </object>
</annotation>
