<annotation>
  <filename>2676.jpg</filename>
  <size>
    <width>960</width>
    <height>540</height>
    <depth>3</depth>
  </size>
  <object>
    <name>pedestrian</name>
    <bndbox>
      <xmin>627</xmin>
      <ymin>33</ymin>
      <xmax>652</xmax>
      <ymax>106</ymax>
    </bndbox>
  </object>
  <object>
    <name>pedestrian</name>
    <bndbox>
      <xmin>203</xmin>
      <ymin>196</ymin>
      <xmax>248</xmax>
      <ymax>311</ymax>
    </bndbox>
  </object>
  <object>
    <name>pedestrian</name>
    <bndbox>
      <xmin>244</xmin>
      <ymin>197</ymin>
      <xmax>288</xmax>
      <ymax>313</ymax>
    </bndbox>
  </object>
  <object>
    <name>pedestrian</name>
    <bndbox>
      <xmin>519</xmin>
      <ymin>224</ymin>
      <xmax>559</xmax>
      <ymax>350</ymax>
    </bndbox>
  </object>
  <object>
    <name>pedestrian</name>
    <bndbox>
      <xmin>560</xmin>
      <ymin>222</ymin>
      <xmax>599</xmax>
      <ymax>348</ymax>
    </bndbox>
  </object>
  <object>
    <name>pedestrian</name>
    <bndbox>
      <xmin>641</xmin>
      <ymin>235</ymin>
      <xmax>683</xmax>
      <ymax>363</ymax>
    </bndbox>
  </object>
  <object>
    <name>pedestrian</name>
    <bndbox>
      <xmin>3</xmin>
      <ymin>183</ymin>
      <xmax>59</xmax>
      <ymax>295</ymax>
    </bndbox>
  </object>
  <object>
    <name>pedestrian</name>
    <bndbox>
      <xmin>568</xmin>
      <ymin>147</ymin>
      <xmax>601</xmax>
      <ymax>252</ymax>
    </bndbox>
  </object>
  <object>
    <name>pedestrian</name>
    <bndbox>
      <xmin>820</xmin>
      <ymin>221</ymin>
      <xmax>869</xmax>
      <ymax>345</ymax>
    </bndbox>
  </object>
  <object>
    <name>pedestrian</name>
    <bndbox>
      <xmin>441</xmin>
      <ymin>76</ymin>
      <xmax>471</xmax>
      <ymax>161</ymax>
    </bndbox>
  </object>
  <object>
    <name>pedestrian</name>
    <bndbox>
      <xmin>748</xmin>
      <ymin>200</ymin>
      <xmax>790</xmax>
      <ymax>319</ymax>
    </bndbox>
  </object>
  <object>
    <name>pedestrian</name>
    <bndbox>
      <xmin>852</xmin>
      <ymin>126</ymin>
      <xmax>894</xmax>
      <ymax>227</ymax>
    </bndbox>
  </object>
  <object>
    <name>pedestrian</name>
    <bndbox>
      <xmin>806</xmin>
      <ymin>199</ymin>
      <xmax>851</xmax>
      <ymax>318</ymax>
    </bndbox>
  </object>
  <object>
    <name>pedestrian</name>
    <bndbox>
      <xmin>858</xmin>
      <ymin>167</ymin>
      <xmax>904</xmax>
      <ymax>278</ymax>
    </bndbox>
  </object>
  <object>
    <name>pedestrian</name>
    <bndbox>
      <xmin>123</xmin>
      <ymin>181</ymin>
      <xmax>170</xmax>
      <ymax>292</ymax>
    </bndbox>
  </object>
  <object>
    <name>pedestrian</name>
    <bndbox>
      <xmin>878</xmin>
      <ymin>217</ymin>
      <xmax>931</xmax>
      <ymax>342</ymax>
    </bndbox>
  </object>
</annotation>
