<annotation>
  <filename>2717.jpg</filename>
  <size>
    <width>960</width>
    <height>540</height>
    <depth>3</depth>
  </size>
  <object>
    <name>pedestrian</name>
    <bndbox>
      <xmin>661</xmin>
      <ymin>17</ymin>
      <xmax>685</xmax>
      <ymax>86</ymax>
    </bndbox>
  </object>
  <object>
    <name>pedestrian</name>
    <bndbox>
      <xmin>120</xmin>
      <ymin>238</ymin>
      <xmax>173</xmax>
      <ymax>363</ymax>
    </bndbox>
  </object>
  <object>
    <name>pedestrian</name>
    <bndbox>
      <xmin>160</xmin>
      <ymin>240</ymin>
      <xmax>211</xmax>
      <ymax>366</ymax>
    </bndbox>
  </object>
  <object>
    <name>pedestrian</name>
    <bndbox>
      <xmin>442</xmin>
      <ymin>280</ymin>
      <xmax>488</xmax>
      <ymax>419</ymax>
    </bndbox>
  </object>
  <object>
    <name>pedestrian</name>
    <bndbox>
      <xmin>488</xmin>
      <ymin>281</ymin>
      <xmax>533</xmax>
      <ymax>421</ymax>
    </bndbox>
  </object>
  <object>
    <name>pedestrian</name>
    <bndbox>
      <xmin>661</xmin>
      <ymin>216</ymin>
      <xmax>702</xmax>
      <ymax>339</ymax>
    </bndbox>
  </object>
  <object>
    <name>pedestrian</name>
    <bndbox>
      <xmin>508</xmin>
      <ymin>187</ymin>
      <xmax>545</xmax>
      <ymax>303</ymax>
    </bndbox>
  </object>
  <object>
    <name>pedestrian</name>
    <bndbox>
      <xmin>792</xmin>
      <ymin>263</ymin>
      <xmax>842</xmax>
      <ymax>398</ymax>
    </bndbox>
  </object>
  <object>
    <name>pedestrian</name>
    <bndbox>
      <xmin>382</xmin>
      <ymin>105</ymin>
      <xmax>415</xmax>
      <ymax>197</ymax>
    </bndbox>
  </object>
  <object>
    <name>pedestrian</name>
    <bndbox>
      <xmin>782</xmin>
      <ymin>159</ymin>
      <xmax>822</xmax>
      <ymax>267</ymax>
    </bndbox>
  </object>
  <object>
    <name>pedestrian</name>
    <bndbox>
      <xmin>833</xmin>
      <ymin>156</ymin>
      <xmax>876</xmax>
      <ymax>264</ymax>
    </bndbox>
  </object>
  <object>
    <name>pedestrian</name>
    <bndbox>
      <xmin>741</xmin>
      <ymin>259</ymin>
      <xmax>789</xmax>
      <ymax>393</ymax>
    </bndbox>
  </object>
  <object>
    <name>pedestrian</name>
    <bndbox>
      <xmin>822</xmin>
      <ymin>215</ymin>
      <xmax>870</xmax>
      <ymax>338</ymax>
    </bndbox>
  </object>
  <object>
    <name>pedestrian</name>
    <bndbox>
      <xmin>186</xmin>
      <ymin>144</ymin>
      <xmax>226</xmax>
      <ymax>245</ymax>
    </bndbox>
  </object>
  <object>
    <name>pedestrian</name>
    <bndbox>
      <xmin>863</xmin>
      <ymin>259</ymin>
      <xmax>918</xmax>
      <ymax>395</ymax>
    </bndbox>
  </object>
</annotation>
