<annotation>
  <filename>2735.jpg</filename>
  <size>
    <width>960</width>
    <height>540</height>
    <depth>3</depth>
  </size>
  <object>
    <name>pedestrian</name>
    <bndbox>
      <xmin>671</xmin>
      <ymin>12</ymin>
      <xmax>694</xmax>
      <ymax>80</ymax>
    </bndbox>
  </object>
  <object>
    <name>pedestrian</name>
    <bndbox>
      <xmin>73</xmin>
      <ymin>258</ymin>
      <xmax>131</xmax>
      <ymax>388</ymax>
    </bndbox>
  </object>
  <object>
    <name>pedestrian</name>
    <bndbox>
      <xmin>120</xmin>
      <ymin>264</ymin>
      <xmax>175</xmax>
      <ymax>395</ymax>
    </bndbox>
  </object>
  <object>
    <name>pedestrian</name>
    <bndbox>
      <xmin>409</xmin>
      <ymin>313</ymin>
      <xmax>460</xmax>
      <ymax>460</ymax>
    </bndbox>
  </object>
  <object>
    <name>pedestrian</name>
    <bndbox>
      <xmin>453</xmin>
      <ymin>316</ymin>
      <xmax>502</xmax>
      <ymax>464</ymax>
    </bndbox>
  </object>
  <object>
    <name>pedestrian</name>
    <bndbox>
      <xmin>661</xmin>
      <ymin>208</ymin>
      <xmax>702</xmax>
      <ymax>329</ymax>
    </bndbox>
  </object>
  <object>
    <name>pedestrian</name>
    <bndbox>
      <xmin>478</xmin>
      <ymin>211</ymin>
      <xmax>518</xmax>
      <ymax>333</ymax>
    </bndbox>
  </object>
  <object>
    <name>pedestrian</name>
    <bndbox>
      <xmin>780</xmin>
      <ymin>279</ymin>
      <xmax>831</xmax>
      <ymax>418</ymax>
    </bndbox>
  </object>
  <object>
    <name>pedestrian</name>
    <bndbox>
      <xmin>350</xmin>
      <ymin>121</ymin>
      <xmax>385</xmax>
      <ymax>217</ymax>
    </bndbox>
  </object>
  <object>
    <name>pedestrian</name>
    <bndbox>
      <xmin>797</xmin>
      <ymin>145</ymin>
      <xmax>836</xmax>
      <ymax>249</ymax>
    </bndbox>
  </object>
  <object>
    <name>pedestrian</name>
    <bndbox>
      <xmin>822</xmin>
      <ymin>170</ymin>
      <xmax>865</xmax>
      <ymax>281</ymax>
    </bndbox>
  </object>
  <object>
    <name>pedestrian</name>
    <bndbox>
      <xmin>730</xmin>
      <ymin>291</ymin>
      <xmax>781</xmax>
      <ymax>433</ymax>
    </bndbox>
  </object>
  <object>
    <name>pedestrian</name>
    <bndbox>
      <xmin>800</xmin>
      <ymin>240</ymin>
      <xmax>849</xmax>
      <ymax>370</ymax>
    </bndbox>
  </object>
  <object>
    <name>pedestrian</name>
    <bndbox>
      <xmin>212</xmin>
      <ymin>126</ymin>
      <xmax>249</xmax>
      <ymax>222</ymax>
    </bndbox>
  </object>
  <object>
    <name>pedestrian</name>
    <bndbox>
      <xmin>852</xmin>
      <ymin>282</ymin>
      <xmax>908</xmax>
      <ymax>424</ymax>
    </bndbox>
  </object>
</annotation>
