<annotation>
  <filename>2752.jpg</filename>
  <size>
    <width>960</width>
    <height>540</height>
    <depth>3</depth>
  </size>
  <object>
    <name>pedestrian</name>
    <bndbox>
      <xmin>676</xmin>
      <ymin>6</ymin>
      <xmax>700</xmax>
      <ymax>73</ymax>
    </bndbox>
  </object>
  <object>
    <name>pedestrian</name>
    <bndbox>
      <xmin>26</xmin>
      <ymin>277</ymin>
      <xmax>89</xmax>
      <ymax>414</ymax>
    </bndbox>
  </object>
  <object>
    <name>pedestrian</name>
    <bndbox>
      <xmin>75</xmin>
      <ymin>283</ymin>
      <xmax>136</xmax>
      <ymax>420</ymax>
    </bndbox>
  </object>
  <object>
    <name>pedestrian</name>
    <bndbox>
      <xmin>376</xmin>
      <ymin>343</ymin>
      <xmax>430</xmax>
      <ymax>496</ymax>
    </bndbox>
  </object>
  <object>
    <name>pedestrian</name>
    <bndbox>
      <xmin>422</xmin>
      <ymin>350</ymin>
      <xmax>475</xmax>
      <ymax>505</ymax>
    </bndbox>
  </object>
  <object>
    <name>pedestrian</name>
    <bndbox>
      <xmin>669</xmin>
      <ymin>203</ymin>
      <xmax>709</xmax>
      <ymax>322</ymax>
    </bndbox>
  </object>
  <object>
    <name>pedestrian</name>
    <bndbox>
      <xmin>449</xmin>
      <ymin>231</ymin>
      <xmax>491</xmax>
      <ymax>358</ymax>
    </bndbox>
  </object>
  <object>
    <name>pedestrian</name>
    <bndbox>
      <xmin>770</xmin>
      <ymin>300</ymin>
      <xmax>824</xmax>
      <ymax>445</ymax>
    </bndbox>
  </object>
  <object>
    <name>pedestrian</name>
    <bndbox>
      <xmin>322</xmin>
      <ymin>134</ymin>
      <xmax>358</xmax>
      <ymax>234</ymax>
    </bndbox>
  </object>
  <object>
    <name>pedestrian</name>
    <bndbox>
      <xmin>816</xmin>
      <ymin>131</ymin>
      <xmax>856</xmax>
      <ymax>233</ymax>
    </bndbox>
  </object>
  <object>
    <name>pedestrian</name>
    <bndbox>
      <xmin>811</xmin>
      <ymin>187</ymin>
      <xmax>855</xmax>
      <ymax>302</ymax>
    </bndbox>
  </object>
  <object>
    <name>pedestrian</name>
    <bndbox>
      <xmin>735</xmin>
      <ymin>326</ymin>
      <xmax>789</xmax>
      <ymax>477</ymax>
    </bndbox>
  </object>
  <object>
    <name>pedestrian</name>
    <bndbox>
      <xmin>776</xmin>
      <ymin>262</ymin>
      <xmax>825</xmax>
      <ymax>397</ymax>
    </bndbox>
  </object>
  <object>
    <name>pedestrian</name>
    <bndbox>
      <xmin>237</xmin>
      <ymin>113</ymin>
      <xmax>273</xmax>
      <ymax>206</ymax>
    </bndbox>
  </object>
  <object>
    <name>pedestrian</name>
    <bndbox>
      <xmin>845</xmin>
      <ymin>304</ymin>
      <xmax>903</xmax>
      <ymax>452</ymax>
    </bndbox>
  </object>
</annotation>
