<annotation>
  <filename>2798.jpg</filename>
  <size>
    <width>960</width>
    <height>540</height>
    <depth>3</depth>
  </size>
  <object>
    <name>pedestrian</name>
    <bndbox>
      <xmin>264</xmin>
      <ymin>450</ymin>
      <xmax>331</xmax>
      <ymax>631</ymax>
    </bndbox>
  </object>
  <object>
    <name>pedestrian</name>
    <bndbox>
      <xmin>321</xmin>
      <ymin>464</ymin>
      <xmax>386</xmax>
      <ymax>649</ymax>
    </bndbox>
  </object>
  <object>
    <name>pedestrian</name>
    <bndbox>
      <xmin>690</xmin>
      <ymin>184</ymin>
      <xmax>729</xmax>
      <ymax>299</ymax>
    </bndbox>
  </object>
  <object>
    <name>pedestrian</name>
    <bndbox>
      <xmin>357</xmin>
      <ymin>304</ymin>
      <xmax>408</xmax>
      <ymax>448</ymax>
    </bndbox>
  </object>
  <object>
    <name>pedestrian</name>
    <bndbox>
      <xmin>754</xmin>
      <ymin>374</ymin>
      <xmax>813</xmax>
      <ymax>540</ymax>
    </bndbox>
  </object>
  <object>
    <name>pedestrian</name>
    <bndbox>
      <xmin>229</xmin>
      <ymin>179</ymin>
      <xmax>272</xmax>
      <ymax>291</ymax>
    </bndbox>
  </object>
  <object>
    <name>pedestrian</name>
    <bndbox>
      <xmin>853</xmin>
      <ymin>96</ymin>
      <xmax>893</xmax>
      <ymax>189</ymax>
    </bndbox>
  </object>
  <object>
    <name>pedestrian</name>
    <bndbox>
      <xmin>721</xmin>
      <ymin>217</ymin>
      <xmax>764</xmax>
      <ymax>341</ymax>
    </bndbox>
  </object>
  <object>
    <name>pedestrian</name>
    <bndbox>
      <xmin>800</xmin>
      <ymin>451</ymin>
      <xmax>867</xmax>
      <ymax>647</ymax>
    </bndbox>
  </object>
  <object>
    <name>pedestrian</name>
    <bndbox>
      <xmin>696</xmin>
      <ymin>339</ymin>
      <xmax>750</xmax>
      <ymax>493</ymax>
    </bndbox>
  </object>
  <object>
    <name>pedestrian</name>
    <bndbox>
      <xmin>304</xmin>
      <ymin>83</ymin>
      <xmax>336</xmax>
      <ymax>168</ymax>
    </bndbox>
  </object>
  <object>
    <name>pedestrian</name>
    <bndbox>
      <xmin>824</xmin>
      <ymin>376</ymin>
      <xmax>887</xmax>
      <ymax>545</ymax>
    </bndbox>
  </object>
</annotation>
