<annotation>
  <filename>2828.jpg</filename>
  <size>
    <width>960</width>
    <height>540</height>
    <depth>3</depth>
  </size>
  <object>
    <name>pedestrian</name>
    <bndbox>
      <xmin>704</xmin>
      <ymin>171</ymin>
      <xmax>742</xmax>
      <ymax>282</ymax>
    </bndbox>
  </object>
  <object>
    <name>pedestrian</name>
    <bndbox>
      <xmin>273</xmin>
      <ymin>358</ymin>
      <xmax>332</xmax>
      <ymax>515</ymax>
    </bndbox>
  </object>
  <object>
    <name>pedestrian</name>
    <bndbox>
      <xmin>730</xmin>
      <ymin>435</ymin>
      <xmax>793</xmax>
      <ymax>618</ymax>
    </bndbox>
  </object>
  <object>
    <name>pedestrian</name>
    <bndbox>
      <xmin>146</xmin>
      <ymin>208</ymin>
      <xmax>195</xmax>
      <ymax>326</ymax>
    </bndbox>
  </object>
  <object>
    <name>pedestrian</name>
    <bndbox>
      <xmin>862</xmin>
      <ymin>79</ymin>
      <xmax>901</xmax>
      <ymax>168</ymax>
    </bndbox>
  </object>
  <object>
    <name>pedestrian</name>
    <bndbox>
      <xmin>632</xmin>
      <ymin>232</ymin>
      <xmax>674</xmax>
      <ymax>360</ymax>
    </bndbox>
  </object>
  <object>
    <name>pedestrian</name>
    <bndbox>
      <xmin>634</xmin>
      <ymin>412</ymin>
      <xmax>692</xmax>
      <ymax>584</ymax>
    </bndbox>
  </object>
  <object>
    <name>pedestrian</name>
    <bndbox>
      <xmin>348</xmin>
      <ymin>65</ymin>
      <xmax>377</xmax>
      <ymax>145</ymax>
    </bndbox>
  </object>
  <object>
    <name>pedestrian</name>
    <bndbox>
      <xmin>803</xmin>
      <ymin>437</ymin>
      <xmax>868</xmax>
      <ymax>627</ymax>
    </bndbox>
  </object>
</annotation>
