<annotation>
  <filename>2849.jpg</filename>
  <size>
    <width>960</width>
    <height>540</height>
    <depth>3</depth>
  </size>
  <object>
    <name>pedestrian</name>
    <bndbox>
      <xmin>706</xmin>
      <ymin>162</ymin>
      <xmax>744</xmax>
      <ymax>271</ymax>
    </bndbox>
  </object>
  <object>
    <name>pedestrian</name>
    <bndbox>
      <xmin>206</xmin>
      <ymin>407</ymin>
      <xmax>272</xmax>
      <ymax>577</ymax>
    </bndbox>
  </object>
  <object>
    <name>pedestrian</name>
    <bndbox>
      <xmin>708</xmin>
      <ymin>476</ymin>
      <xmax>773</xmax>
      <ymax>675</ymax>
    </bndbox>
  </object>
  <object>
    <name>pedestrian</name>
    <bndbox>
      <xmin>72</xmin>
      <ymin>235</ymin>
      <xmax>128</xmax>
      <ymax>359</ymax>
    </bndbox>
  </object>
  <object>
    <name>pedestrian</name>
    <bndbox>
      <xmin>855</xmin>
      <ymin>69</ymin>
      <xmax>893</xmax>
      <ymax>155</ymax>
    </bndbox>
  </object>
  <object>
    <name>pedestrian</name>
    <bndbox>
      <xmin>567</xmin>
      <ymin>243</ymin>
      <xmax>608</xmax>
      <ymax>373</ymax>
    </bndbox>
  </object>
  <object>
    <name>pedestrian</name>
    <bndbox>
      <xmin>586</xmin>
      <ymin>469</ymin>
      <xmax>646</xmax>
      <ymax>657</ymax>
    </bndbox>
  </object>
  <object>
    <name>pedestrian</name>
    <bndbox>
      <xmin>377</xmin>
      <ymin>56</ymin>
      <xmax>406</xmax>
      <ymax>135</ymax>
    </bndbox>
  </object>
  <object>
    <name>pedestrian</name>
    <bndbox>
      <xmin>798</xmin>
      <ymin>481</ymin>
      <xmax>865</xmax>
      <ymax>692</ymax>
    </bndbox>
  </object>
</annotation>
