<annotation>
  <filename>2850.jpg</filename>
  <size>
    <width>960</width>
    <height>540</height>
    <depth>3</depth>
  </size>
  <object>
    <name>pedestrian</name>
    <bndbox>
      <xmin>706</xmin>
      <ymin>162</ymin>
      <xmax>744</xmax>
      <ymax>270</ymax>
    </bndbox>
  </object>
  <object>
    <name>pedestrian</name>
    <bndbox>
      <xmin>202</xmin>
      <ymin>409</ymin>
      <xmax>268</xmax>
      <ymax>579</ymax>
    </bndbox>
  </object>
  <object>
    <name>pedestrian</name>
    <bndbox>
      <xmin>707</xmin>
      <ymin>479</ymin>
      <xmax>772</xmax>
      <ymax>679</ymax>
    </bndbox>
  </object>
  <object>
    <name>pedestrian</name>
    <bndbox>
      <xmin>69</xmin>
      <ymin>235</ymin>
      <xmax>125</xmax>
      <ymax>360</ymax>
    </bndbox>
  </object>
  <object>
    <name>pedestrian</name>
    <bndbox>
      <xmin>855</xmin>
      <ymin>68</ymin>
      <xmax>892</xmax>
      <ymax>154</ymax>
    </bndbox>
  </object>
  <object>
    <name>pedestrian</name>
    <bndbox>
      <xmin>564</xmin>
      <ymin>243</ymin>
      <xmax>605</xmax>
      <ymax>373</ymax>
    </bndbox>
  </object>
  <object>
    <name>pedestrian</name>
    <bndbox>
      <xmin>583</xmin>
      <ymin>472</ymin>
      <xmax>643</xmax>
      <ymax>662</ymax>
    </bndbox>
  </object>
  <object>
    <name>pedestrian</name>
    <bndbox>
      <xmin>379</xmin>
      <ymin>56</ymin>
      <xmax>407</xmax>
      <ymax>134</ymax>
    </bndbox>
  </object>
  <object>
    <name>pedestrian</name>
    <bndbox>
      <xmin>796</xmin>
      <ymin>484</ymin>
      <xmax>864</xmax>
      <ymax>696</ymax>
    </bndbox>
  </object>
</annotation>
