<annotation>
  <filename>2941.jpg</filename>
  <size>
    <width>960</width>
    <height>540</height>
    <depth>3</depth>
  </size>
  <object>
    <name>pedestrian</name>
    <bndbox>
      <xmin>717</xmin>
      <ymin>128</ymin>
      <xmax>751</xmax>
      <ymax>228</ymax>
    </bndbox>
  </object>
  <object>
    <name>pedestrian</name>
    <bndbox>
      <xmin>818</xmin>
      <ymin>29</ymin>
      <xmax>850</xmax>
      <ymax>104</ymax>
    </bndbox>
  </object>
  <object>
    <name>pedestrian</name>
    <bndbox>
      <xmin>230</xmin>
      <ymin>299</ymin>
      <xmax>284</xmax>
      <ymax>441</ymax>
    </bndbox>
  </object>
  <object>
    <name>pedestrian</name>
    <bndbox>
      <xmin>483</xmin>
      <ymin>18</ymin>
      <xmax>507</xmax>
      <ymax>86</ymax>
    </bndbox>
  </object>
  <object>
    <name>pedestrian</name>
    <bndbox>
      <xmin>603</xmin>
      <ymin>26</ymin>
      <xmax>627</xmax>
      <ymax>97</ymax>
    </bndbox>
  </object>
  <object>
    <name>pedestrian</name>
    <bndbox>
      <xmin>116</xmin>
      <ymin>156</ymin>
      <xmax>161</xmax>
      <ymax>260</ymax>
    </bndbox>
  </object>
  <object>
    <name>pedestrian</name>
    <bndbox>
      <xmin>625</xmin>
      <ymin>467</ymin>
      <xmax>687</xmax>
      <ymax>656</ymax>
    </bndbox>
  </object>
</annotation>
