<annotation>
  <filename>3019.jpg</filename>
  <size>
    <width>960</width>
    <height>540</height>
    <depth>3</depth>
  </size>
  <object>
    <name>pedestrian</name>
    <bndbox>
      <xmin>726</xmin>
      <ymin>104</ymin>
      <xmax>759</xmax>
      <ymax>197</ymax>
    </bndbox>
  </object>
  <object>
    <name>pedestrian</name>
    <bndbox>
      <xmin>854</xmin>
      <ymin>1</ymin>
      <xmax>886</xmax>
      <ymax>72</ymax>
    </bndbox>
  </object>
  <object>
    <name>pedestrian</name>
    <bndbox>
      <xmin>550</xmin>
      <ymin>55</ymin>
      <xmax>576</xmax>
      <ymax>134</ymax>
    </bndbox>
  </object>
  <object>
    <name>pedestrian</name>
    <bndbox>
      <xmin>241</xmin>
      <ymin>108</ymin>
      <xmax>277</xmax>
      <ymax>199</ymax>
    </bndbox>
  </object>
  <object>
    <name>pedestrian</name>
    <bndbox>
      <xmin>722</xmin>
      <ymin>318</ymin>
      <xmax>775</xmax>
      <ymax>467</ymax>
    </bndbox>
  </object>
  <object>
    <name>pedestrian</name>
    <bndbox>
      <xmin>858</xmin>
      <ymin>253</ymin>
      <xmax>913</xmax>
      <ymax>387</ymax>
    </bndbox>
  </object>
</annotation>
