<annotation>
  <filename>3024.jpg</filename>
  <size>
    <width>960</width>
    <height>540</height>
    <depth>3</depth>
  </size>
  <object>
    <name>pedestrian</name>
    <bndbox>
      <xmin>728</xmin>
      <ymin>103</ymin>
      <xmax>760</xmax>
      <ymax>195</ymax>
    </bndbox>
  </object>
  <object>
    <name>pedestrian</name>
    <bndbox>
      <xmin>857</xmin>
      <ymin>-2</ymin>
      <xmax>890</xmax>
      <ymax>68</ymax>
    </bndbox>
  </object>
  <object>
    <name>pedestrian</name>
    <bndbox>
      <xmin>547</xmin>
      <ymin>59</ymin>
      <xmax>574</xmax>
      <ymax>139</ymax>
    </bndbox>
  </object>
  <object>
    <name>pedestrian</name>
    <bndbox>
      <xmin>248</xmin>
      <ymin>106</ymin>
      <xmax>283</xmax>
      <ymax>197</ymax>
    </bndbox>
  </object>
  <object>
    <name>pedestrian</name>
    <bndbox>
      <xmin>728</xmin>
      <ymin>313</ymin>
      <xmax>781</xmax>
      <ymax>461</ymax>
    </bndbox>
  </object>
  <object>
    <name>pedestrian</name>
    <bndbox>
      <xmin>856</xmin>
      <ymin>248</ymin>
      <xmax>910</xmax>
      <ymax>380</ymax>
    </bndbox>
  </object>
  <object>
    <name>pedestrian</name>
    <bndbox>
      <xmin>488</xmin>
      <ymin>2</ymin>
      <xmax>511</xmax>
      <ymax>66</ymax>
    </bndbox>
  </object>
  <object>
    <name>pedestrian</name>
    <bndbox>
      <xmin>599</xmin>
      <ymin>-4</ymin>
      <xmax>620</xmax>
      <ymax>59</ymax>
    </bndbox>
  </object>
</annotation>
