<annotation>
  <filename>3031.jpg</filename>
  <size>
    <width>960</width>
    <height>540</height>
    <depth>3</depth>
  </size>
  <object>
    <name>pedestrian</name>
    <bndbox>
      <xmin>729</xmin>
      <ymin>101</ymin>
      <xmax>761</xmax>
      <ymax>193</ymax>
    </bndbox>
  </object>
  <object>
    <name>pedestrian</name>
    <bndbox>
      <xmin>860</xmin>
      <ymin>-2</ymin>
      <xmax>893</xmax>
      <ymax>68</ymax>
    </bndbox>
  </object>
  <object>
    <name>pedestrian</name>
    <bndbox>
      <xmin>542</xmin>
      <ymin>62</ymin>
      <xmax>569</xmax>
      <ymax>143</ymax>
    </bndbox>
  </object>
  <object>
    <name>pedestrian</name>
    <bndbox>
      <xmin>256</xmin>
      <ymin>102</ymin>
      <xmax>291</xmax>
      <ymax>192</ymax>
    </bndbox>
  </object>
  <object>
    <name>pedestrian</name>
    <bndbox>
      <xmin>734</xmin>
      <ymin>296</ymin>
      <xmax>785</xmax>
      <ymax>440</ymax>
    </bndbox>
  </object>
  <object>
    <name>pedestrian</name>
    <bndbox>
      <xmin>861</xmin>
      <ymin>236</ymin>
      <xmax>914</xmax>
      <ymax>365</ymax>
    </bndbox>
  </object>
  <object>
    <name>pedestrian</name>
    <bndbox>
      <xmin>482</xmin>
      <ymin>5</ymin>
      <xmax>506</xmax>
      <ymax>70</ymax>
    </bndbox>
  </object>
  <object>
    <name>pedestrian</name>
    <bndbox>
      <xmin>591</xmin>
      <ymin>-2</ymin>
      <xmax>612</xmax>
      <ymax>61</ymax>
    </bndbox>
  </object>
</annotation>
