<annotation>
  <filename>3172.jpg</filename>
  <size>
    <width>960</width>
    <height>540</height>
    <depth>3</depth>
  </size>
  <object>
    <name>pedestrian</name>
    <bndbox>
      <xmin>785</xmin>
      <ymin>68</ymin>
      <xmax>818</xmax>
      <ymax>152</ymax>
    </bndbox>
  </object>
  <object>
    <name>pedestrian</name>
    <bndbox>
      <xmin>413</xmin>
      <ymin>155</ymin>
      <xmax>450</xmax>
      <ymax>262</ymax>
    </bndbox>
  </object>
  <object>
    <name>pedestrian</name>
    <bndbox>
      <xmin>430</xmin>
      <ymin>42</ymin>
      <xmax>457</xmax>
      <ymax>117</ymax>
    </bndbox>
  </object>
  <object>
    <name>pedestrian</name>
    <bndbox>
      <xmin>794</xmin>
      <ymin>143</ymin>
      <xmax>833</xmax>
      <ymax>246</ymax>
    </bndbox>
  </object>
  <object>
    <name>pedestrian</name>
    <bndbox>
      <xmin>290</xmin>
      <ymin>72</ymin>
      <xmax>321</xmax>
      <ymax>155</ymax>
    </bndbox>
  </object>
  <object>
    <name>pedestrian</name>
    <bndbox>
      <xmin>469</xmin>
      <ymin>49</ymin>
      <xmax>496</xmax>
      <ymax>127</ymax>
    </bndbox>
  </object>
  <object>
    <name>pedestrian</name>
    <bndbox>
      <xmin>446</xmin>
      <ymin>44</ymin>
      <xmax>473</xmax>
      <ymax>120</ymax>
    </bndbox>
  </object>
  <object>
    <name>pedestrian</name>
    <bndbox>
      <xmin>874</xmin>
      <ymin>133</ymin>
      <xmax>919</xmax>
      <ymax>236</ymax>
    </bndbox>
  </object>
  <object>
    <name>pedestrian</name>
    <bndbox>
      <xmin>492</xmin>
      <ymin>14</ymin>
      <xmax>516</xmax>
      <ymax>81</ymax>
    </bndbox>
  </object>
  <object>
    <name>pedestrian</name>
    <bndbox>
      <xmin>467</xmin>
      <ymin>16</ymin>
      <xmax>491</xmax>
      <ymax>84</ymax>
    </bndbox>
  </object>
  <object>
    <name>pedestrian</name>
    <bndbox>
      <xmin>906</xmin>
      <ymin>121</ymin>
      <xmax>954</xmax>
      <ymax>223</ymax>
    </bndbox>
  </object>
  <object>
    <name>pedestrian</name>
    <bndbox>
      <xmin>486</xmin>
      <ymin>-1</ymin>
      <xmax>509</xmax>
      <ymax>62</ymax>
    </bndbox>
  </object>
  <object>
    <name>pedestrian</name>
    <bndbox>
      <xmin>279</xmin>
      <ymin>448</ymin>
      <xmax>346</xmax>
      <ymax>629</ymax>
    </bndbox>
  </object>
</annotation>
