<annotation>
  <filename>319.jpg</filename>
  <size>
    <width>960</width>
    <height>540</height>
    <depth>3</depth>
  </size>
  <object>
    <name>pedestrian</name>
    <bndbox>
      <xmin>725</xmin>
      <ymin>88</ymin>
      <xmax>757</xmax>
      <ymax>176</ymax>
    </bndbox>
  </object>
  <object>
    <name>pedestrian</name>
    <bndbox>
      <xmin>151</xmin>
      <ymin>127</ymin>
      <xmax>192</xmax>
      <ymax>223</ymax>
    </bndbox>
  </object>
  <object>
    <name>pedestrian</name>
    <bndbox>
      <xmin>301</xmin>
      <ymin>84</ymin>
      <xmax>333</xmax>
      <ymax>170</ymax>
    </bndbox>
  </object>
  <object>
    <name>pedestrian</name>
    <bndbox>
      <xmin>856</xmin>
      <ymin>256</ymin>
      <xmax>910</xmax>
      <ymax>390</ymax>
    </bndbox>
  </object>
  <object>
    <name>pedestrian</name>
    <bndbox>
      <xmin>260</xmin>
      <ymin>104</ymin>
      <xmax>295</xmax>
      <ymax>195</ymax>
    </bndbox>
  </object>
  <object>
    <name>pedestrian</name>
    <bndbox>
      <xmin>628</xmin>
      <ymin>22</ymin>
      <xmax>652</xmax>
      <ymax>92</ymax>
    </bndbox>
  </object>
  <object>
    <name>pedestrian</name>
    <bndbox>
      <xmin>678</xmin>
      <ymin>273</ymin>
      <xmax>725</xmax>
      <ymax>410</ymax>
    </bndbox>
  </object>
  <object>
    <name>pedestrian</name>
    <bndbox>
      <xmin>161</xmin>
      <ymin>190</ymin>
      <xmax>207</xmax>
      <ymax>303</ymax>
    </bndbox>
  </object>
  <object>
    <name>pedestrian</name>
    <bndbox>
      <xmin>860</xmin>
      <ymin>169</ymin>
      <xmax>906</xmax>
      <ymax>281</ymax>
    </bndbox>
  </object>
  <object>
    <name>pedestrian</name>
    <bndbox>
      <xmin>878</xmin>
      <ymin>116</ymin>
      <xmax>922</xmax>
      <ymax>214</ymax>
    </bndbox>
  </object>
  <object>
    <name>pedestrian</name>
    <bndbox>
      <xmin>189</xmin>
      <ymin>267</ymin>
      <xmax>242</xmax>
      <ymax>401</ymax>
    </bndbox>
  </object>
  <object>
    <name>pedestrian</name>
    <bndbox>
      <xmin>748</xmin>
      <ymin>398</ymin>
      <xmax>809</xmax>
      <ymax>570</ymax>
    </bndbox>
  </object>
  <object>
    <name>pedestrian</name>
    <bndbox>
      <xmin>42</xmin>
      <ymin>357</ymin>
      <xmax>112</xmax>
      <ymax>516</ymax>
    </bndbox>
  </object>
  <object>
    <name>pedestrian</name>
    <bndbox>
      <xmin>-11</xmin>
      <ymin>359</ymin>
      <xmax>64</xmax>
      <ymax>521</ymax>
    </bndbox>
  </object>
</annotation>
