<annotation>
  <filename>3190.jpg</filename>
  <size>
    <width>960</width>
    <height>540</height>
    <depth>3</depth>
  </size>
  <object>
    <name>pedestrian</name>
    <bndbox>
      <xmin>786</xmin>
      <ymin>64</ymin>
      <xmax>818</xmax>
      <ymax>147</ymax>
    </bndbox>
  </object>
  <object>
    <name>pedestrian</name>
    <bndbox>
      <xmin>386</xmin>
      <ymin>173</ymin>
      <xmax>425</xmax>
      <ymax>285</ymax>
    </bndbox>
  </object>
  <object>
    <name>pedestrian</name>
    <bndbox>
      <xmin>418</xmin>
      <ymin>49</ymin>
      <xmax>446</xmax>
      <ymax>126</ymax>
    </bndbox>
  </object>
  <object>
    <name>pedestrian</name>
    <bndbox>
      <xmin>808</xmin>
      <ymin>133</ymin>
      <xmax>848</xmax>
      <ymax>235</ymax>
    </bndbox>
  </object>
  <object>
    <name>pedestrian</name>
    <bndbox>
      <xmin>271</xmin>
      <ymin>81</ymin>
      <xmax>304</xmax>
      <ymax>166</ymax>
    </bndbox>
  </object>
  <object>
    <name>pedestrian</name>
    <bndbox>
      <xmin>438</xmin>
      <ymin>57</ymin>
      <xmax>466</xmax>
      <ymax>136</ymax>
    </bndbox>
  </object>
  <object>
    <name>pedestrian</name>
    <bndbox>
      <xmin>456</xmin>
      <ymin>36</ymin>
      <xmax>482</xmax>
      <ymax>109</ymax>
    </bndbox>
  </object>
  <object>
    <name>pedestrian</name>
    <bndbox>
      <xmin>867</xmin>
      <ymin>145</ymin>
      <xmax>913</xmax>
      <ymax>250</ymax>
    </bndbox>
  </object>
  <object>
    <name>pedestrian</name>
    <bndbox>
      <xmin>466</xmin>
      <ymin>22</ymin>
      <xmax>490</xmax>
      <ymax>91</ymax>
    </bndbox>
  </object>
  <object>
    <name>pedestrian</name>
    <bndbox>
      <xmin>439</xmin>
      <ymin>23</ymin>
      <xmax>464</xmax>
      <ymax>92</ymax>
    </bndbox>
  </object>
  <object>
    <name>pedestrian</name>
    <bndbox>
      <xmin>906</xmin>
      <ymin>130</ymin>
      <xmax>954</xmax>
      <ymax>234</ymax>
    </bndbox>
  </object>
  <object>
    <name>pedestrian</name>
    <bndbox>
      <xmin>471</xmin>
      <ymin>2</ymin>
      <xmax>494</xmax>
      <ymax>66</ymax>
    </bndbox>
  </object>
  <object>
    <name>pedestrian</name>
    <bndbox>
      <xmin>401</xmin>
      <ymin>377</ymin>
      <xmax>457</xmax>
      <ymax>538</ymax>
    </bndbox>
  </object>
  <object>
    <name>pedestrian</name>
    <bndbox>
      <xmin>516</xmin>
      <ymin>1</ymin>
      <xmax>539</xmax>
      <ymax>65</ymax>
    </bndbox>
  </object>
  <object>
    <name>pedestrian</name>
    <bndbox>
      <xmin>481</xmin>
      <ymin>10</ymin>
      <xmax>505</xmax>
      <ymax>77</ymax>
    </bndbox>
  </object>
  <object>
    <name>pedestrian</name>
    <bndbox>
      <xmin>497</xmin>
      <ymin>-1</ymin>
      <xmax>520</xmax>
      <ymax>62</ymax>
    </bndbox>
  </object>
</annotation>
