<annotation>
  <filename>323.jpg</filename>
  <size>
    <width>960</width>
    <height>540</height>
    <depth>3</depth>
  </size>
  <object>
    <name>pedestrian</name>
    <bndbox>
      <xmin>727</xmin>
      <ymin>85</ymin>
      <xmax>759</xmax>
      <ymax>173</ymax>
    </bndbox>
  </object>
  <object>
    <name>pedestrian</name>
    <bndbox>
      <xmin>141</xmin>
      <ymin>128</ymin>
      <xmax>182</xmax>
      <ymax>224</ymax>
    </bndbox>
  </object>
  <object>
    <name>pedestrian</name>
    <bndbox>
      <xmin>306</xmin>
      <ymin>81</ymin>
      <xmax>338</xmax>
      <ymax>166</ymax>
    </bndbox>
  </object>
  <object>
    <name>pedestrian</name>
    <bndbox>
      <xmin>859</xmin>
      <ymin>250</ymin>
      <xmax>913</xmax>
      <ymax>383</ymax>
    </bndbox>
  </object>
  <object>
    <name>pedestrian</name>
    <bndbox>
      <xmin>269</xmin>
      <ymin>104</ymin>
      <xmax>303</xmax>
      <ymax>195</ymax>
    </bndbox>
  </object>
  <object>
    <name>pedestrian</name>
    <bndbox>
      <xmin>624</xmin>
      <ymin>22</ymin>
      <xmax>648</xmax>
      <ymax>92</ymax>
    </bndbox>
  </object>
  <object>
    <name>pedestrian</name>
    <bndbox>
      <xmin>686</xmin>
      <ymin>271</ymin>
      <xmax>733</xmax>
      <ymax>408</ymax>
    </bndbox>
  </object>
  <object>
    <name>pedestrian</name>
    <bndbox>
      <xmin>167</xmin>
      <ymin>184</ymin>
      <xmax>212</xmax>
      <ymax>295</ymax>
    </bndbox>
  </object>
  <object>
    <name>pedestrian</name>
    <bndbox>
      <xmin>857</xmin>
      <ymin>172</ymin>
      <xmax>904</xmax>
      <ymax>285</ymax>
    </bndbox>
  </object>
  <object>
    <name>pedestrian</name>
    <bndbox>
      <xmin>876</xmin>
      <ymin>119</ymin>
      <xmax>919</xmax>
      <ymax>219</ymax>
    </bndbox>
  </object>
  <object>
    <name>pedestrian</name>
    <bndbox>
      <xmin>203</xmin>
      <ymin>264</ymin>
      <xmax>255</xmax>
      <ymax>396</ymax>
    </bndbox>
  </object>
  <object>
    <name>pedestrian</name>
    <bndbox>
      <xmin>756</xmin>
      <ymin>391</ymin>
      <xmax>817</xmax>
      <ymax>561</ymax>
    </bndbox>
  </object>
  <object>
    <name>pedestrian</name>
    <bndbox>
      <xmin>57</xmin>
      <ymin>353</ymin>
      <xmax>125</xmax>
      <ymax>511</ymax>
    </bndbox>
  </object>
  <object>
    <name>pedestrian</name>
    <bndbox>
      <xmin>3</xmin>
      <ymin>357</ymin>
      <xmax>76</xmax>
      <ymax>517</ymax>
    </bndbox>
  </object>
</annotation>
