<annotation>
  <filename>3316.jpg</filename>
  <size>
    <width>960</width>
    <height>540</height>
    <depth>3</depth>
  </size>
  <object>
    <name>pedestrian</name>
    <bndbox>
      <xmin>808</xmin>
      <ymin>37</ymin>
      <xmax>839</xmax>
      <ymax>114</ymax>
    </bndbox>
  </object>
  <object>
    <name>pedestrian</name>
    <bndbox>
      <xmin>159</xmin>
      <ymin>341</ymin>
      <xmax>220</xmax>
      <ymax>493</ymax>
    </bndbox>
  </object>
  <object>
    <name>pedestrian</name>
    <bndbox>
      <xmin>205</xmin>
      <ymin>120</ymin>
      <xmax>243</xmax>
      <ymax>215</ymax>
    </bndbox>
  </object>
  <object>
    <name>pedestrian</name>
    <bndbox>
      <xmin>857</xmin>
      <ymin>59</ymin>
      <xmax>894</xmax>
      <ymax>143</ymax>
    </bndbox>
  </object>
  <object>
    <name>pedestrian</name>
    <bndbox>
      <xmin>37</xmin>
      <ymin>203</ymin>
      <xmax>92</xmax>
      <ymax>320</ymax>
    </bndbox>
  </object>
  <object>
    <name>pedestrian</name>
    <bndbox>
      <xmin>229</xmin>
      <ymin>122</ymin>
      <xmax>266</xmax>
      <ymax>218</ymax>
    </bndbox>
  </object>
  <object>
    <name>pedestrian</name>
    <bndbox>
      <xmin>564</xmin>
      <ymin>0</ymin>
      <xmax>586</xmax>
      <ymax>63</ymax>
    </bndbox>
  </object>
  <object>
    <name>pedestrian</name>
    <bndbox>
      <xmin>778</xmin>
      <ymin>250</ymin>
      <xmax>827</xmax>
      <ymax>382</ymax>
    </bndbox>
  </object>
  <object>
    <name>pedestrian</name>
    <bndbox>
      <xmin>287</xmin>
      <ymin>82</ymin>
      <xmax>319</xmax>
      <ymax>167</ymax>
    </bndbox>
  </object>
  <object>
    <name>pedestrian</name>
    <bndbox>
      <xmin>258</xmin>
      <ymin>82</ymin>
      <xmax>291</xmax>
      <ymax>167</ymax>
    </bndbox>
  </object>
  <object>
    <name>pedestrian</name>
    <bndbox>
      <xmin>384</xmin>
      <ymin>46</ymin>
      <xmax>411</xmax>
      <ymax>121</ymax>
    </bndbox>
  </object>
  <object>
    <name>pedestrian</name>
    <bndbox>
      <xmin>712</xmin>
      <ymin>87</ymin>
      <xmax>743</xmax>
      <ymax>175</ymax>
    </bndbox>
  </object>
  <object>
    <name>pedestrian</name>
    <bndbox>
      <xmin>402</xmin>
      <ymin>43</ymin>
      <xmax>429</xmax>
      <ymax>117</ymax>
    </bndbox>
  </object>
  <object>
    <name>pedestrian</name>
    <bndbox>
      <xmin>399</xmin>
      <ymin>54</ymin>
      <xmax>428</xmax>
      <ymax>132</ymax>
    </bndbox>
  </object>
  <object>
    <name>pedestrian</name>
    <bndbox>
      <xmin>211</xmin>
      <ymin>93</ymin>
      <xmax>246</xmax>
      <ymax>180</ymax>
    </bndbox>
  </object>
  <object>
    <name>pedestrian</name>
    <bndbox>
      <xmin>550</xmin>
      <ymin>272</ymin>
      <xmax>593</xmax>
      <ymax>409</ymax>
    </bndbox>
  </object>
  <object>
    <name>pedestrian</name>
    <bndbox>
      <xmin>303</xmin>
      <ymin>58</ymin>
      <xmax>333</xmax>
      <ymax>137</ymax>
    </bndbox>
  </object>
  <object>
    <name>pedestrian</name>
    <bndbox>
      <xmin>836</xmin>
      <ymin>263</ymin>
      <xmax>890</xmax>
      <ymax>399</ymax>
    </bndbox>
  </object>
  <object>
    <name>pedestrian</name>
    <bndbox>
      <xmin>758</xmin>
      <ymin>17</ymin>
      <xmax>785</xmax>
      <ymax>88</ymax>
    </bndbox>
  </object>
  <object>
    <name>pedestrian</name>
    <bndbox>
      <xmin>281</xmin>
      <ymin>340</ymin>
      <xmax>338</xmax>
      <ymax>492</ymax>
    </bndbox>
  </object>
  <object>
    <name>pedestrian</name>
    <bndbox>
      <xmin>344</xmin>
      <ymin>356</ymin>
      <xmax>401</xmax>
      <ymax>512</ymax>
    </bndbox>
  </object>
  <object>
    <name>pedestrian</name>
    <bndbox>
      <xmin>879</xmin>
      <ymin>237</ymin>
      <xmax>933</xmax>
      <ymax>367</ymax>
    </bndbox>
  </object>
</annotation>
