<annotation>
  <filename>3332.jpg</filename>
  <size>
    <width>960</width>
    <height>540</height>
    <depth>3</depth>
  </size>
  <object>
    <name>pedestrian</name>
    <bndbox>
      <xmin>813</xmin>
      <ymin>34</ymin>
      <xmax>845</xmax>
      <ymax>110</ymax>
    </bndbox>
  </object>
  <object>
    <name>pedestrian</name>
    <bndbox>
      <xmin>122</xmin>
      <ymin>375</ymin>
      <xmax>189</xmax>
      <ymax>537</ymax>
    </bndbox>
  </object>
  <object>
    <name>pedestrian</name>
    <bndbox>
      <xmin>177</xmin>
      <ymin>135</ymin>
      <xmax>217</xmax>
      <ymax>233</ymax>
    </bndbox>
  </object>
  <object>
    <name>pedestrian</name>
    <bndbox>
      <xmin>841</xmin>
      <ymin>53</ymin>
      <xmax>876</xmax>
      <ymax>135</ymax>
    </bndbox>
  </object>
  <object>
    <name>pedestrian</name>
    <bndbox>
      <xmin>-12</xmin>
      <ymin>224</ymin>
      <xmax>50</xmax>
      <ymax>346</ymax>
    </bndbox>
  </object>
  <object>
    <name>pedestrian</name>
    <bndbox>
      <xmin>209</xmin>
      <ymin>136</ymin>
      <xmax>248</xmax>
      <ymax>235</ymax>
    </bndbox>
  </object>
  <object>
    <name>pedestrian</name>
    <bndbox>
      <xmin>577</xmin>
      <ymin>-4</ymin>
      <xmax>599</xmax>
      <ymax>58</ymax>
    </bndbox>
  </object>
  <object>
    <name>pedestrian</name>
    <bndbox>
      <xmin>767</xmin>
      <ymin>266</ymin>
      <xmax>817</xmax>
      <ymax>402</ymax>
    </bndbox>
  </object>
  <object>
    <name>pedestrian</name>
    <bndbox>
      <xmin>264</xmin>
      <ymin>94</ymin>
      <xmax>298</xmax>
      <ymax>182</ymax>
    </bndbox>
  </object>
  <object>
    <name>pedestrian</name>
    <bndbox>
      <xmin>230</xmin>
      <ymin>96</ymin>
      <xmax>265</xmax>
      <ymax>184</ymax>
    </bndbox>
  </object>
  <object>
    <name>pedestrian</name>
    <bndbox>
      <xmin>370</xmin>
      <ymin>50</ymin>
      <xmax>398</xmax>
      <ymax>127</ymax>
    </bndbox>
  </object>
  <object>
    <name>pedestrian</name>
    <bndbox>
      <xmin>738</xmin>
      <ymin>68</ymin>
      <xmax>769</xmax>
      <ymax>151</ymax>
    </bndbox>
  </object>
  <object>
    <name>pedestrian</name>
    <bndbox>
      <xmin>384</xmin>
      <ymin>48</ymin>
      <xmax>412</xmax>
      <ymax>124</ymax>
    </bndbox>
  </object>
  <object>
    <name>pedestrian</name>
    <bndbox>
      <xmin>385</xmin>
      <ymin>60</ymin>
      <xmax>414</xmax>
      <ymax>139</ymax>
    </bndbox>
  </object>
  <object>
    <name>pedestrian</name>
    <bndbox>
      <xmin>225</xmin>
      <ymin>92</ymin>
      <xmax>259</xmax>
      <ymax>179</ymax>
    </bndbox>
  </object>
  <object>
    <name>pedestrian</name>
    <bndbox>
      <xmin>571</xmin>
      <ymin>252</ymin>
      <xmax>613</xmax>
      <ymax>385</ymax>
    </bndbox>
  </object>
  <object>
    <name>pedestrian</name>
    <bndbox>
      <xmin>287</xmin>
      <ymin>67</ymin>
      <xmax>318</xmax>
      <ymax>147</ymax>
    </bndbox>
  </object>
  <object>
    <name>pedestrian</name>
    <bndbox>
      <xmin>822</xmin>
      <ymin>281</ymin>
      <xmax>876</xmax>
      <ymax>421</ymax>
    </bndbox>
  </object>
  <object>
    <name>pedestrian</name>
    <bndbox>
      <xmin>751</xmin>
      <ymin>23</ymin>
      <xmax>778</xmax>
      <ymax>95</ymax>
    </bndbox>
  </object>
  <object>
    <name>pedestrian</name>
    <bndbox>
      <xmin>290</xmin>
      <ymin>306</ymin>
      <xmax>344</xmax>
      <ymax>450</ymax>
    </bndbox>
  </object>
  <object>
    <name>pedestrian</name>
    <bndbox>
      <xmin>351</xmin>
      <ymin>322</ymin>
      <xmax>404</xmax>
      <ymax>470</ymax>
    </bndbox>
  </object>
  <object>
    <name>pedestrian</name>
    <bndbox>
      <xmin>872</xmin>
      <ymin>257</ymin>
      <xmax>928</xmax>
      <ymax>392</ymax>
    </bndbox>
  </object>
  <object>
    <name>pedestrian</name>
    <bndbox>
      <xmin>888</xmin>
      <ymin>277</ymin>
      <xmax>948</xmax>
      <ymax>419</ymax>
    </bndbox>
  </object>
</annotation>
