<annotation>
  <filename>339.jpg</filename>
  <size>
    <width>960</width>
    <height>540</height>
    <depth>3</depth>
  </size>
  <object>
    <name>pedestrian</name>
    <bndbox>
      <xmin>739</xmin>
      <ymin>78</ymin>
      <xmax>770</xmax>
      <ymax>163</ymax>
    </bndbox>
  </object>
  <object>
    <name>pedestrian</name>
    <bndbox>
      <xmin>105</xmin>
      <ymin>141</ymin>
      <xmax>149</xmax>
      <ymax>241</ymax>
    </bndbox>
  </object>
  <object>
    <name>pedestrian</name>
    <bndbox>
      <xmin>331</xmin>
      <ymin>74</ymin>
      <xmax>361</xmax>
      <ymax>157</ymax>
    </bndbox>
  </object>
  <object>
    <name>pedestrian</name>
    <bndbox>
      <xmin>875</xmin>
      <ymin>236</ymin>
      <xmax>929</xmax>
      <ymax>366</ymax>
    </bndbox>
  </object>
  <object>
    <name>pedestrian</name>
    <bndbox>
      <xmin>293</xmin>
      <ymin>94</ymin>
      <xmax>326</xmax>
      <ymax>182</ymax>
    </bndbox>
  </object>
  <object>
    <name>pedestrian</name>
    <bndbox>
      <xmin>612</xmin>
      <ymin>28</ymin>
      <xmax>636</xmax>
      <ymax>99</ymax>
    </bndbox>
  </object>
  <object>
    <name>pedestrian</name>
    <bndbox>
      <xmin>704</xmin>
      <ymin>241</ymin>
      <xmax>749</xmax>
      <ymax>370</ymax>
    </bndbox>
  </object>
  <object>
    <name>pedestrian</name>
    <bndbox>
      <xmin>185</xmin>
      <ymin>169</ymin>
      <xmax>228</xmax>
      <ymax>276</ymax>
    </bndbox>
  </object>
  <object>
    <name>pedestrian</name>
    <bndbox>
      <xmin>847</xmin>
      <ymin>186</ymin>
      <xmax>894</xmax>
      <ymax>301</ymax>
    </bndbox>
  </object>
  <object>
    <name>pedestrian</name>
    <bndbox>
      <xmin>866</xmin>
      <ymin>131</ymin>
      <xmax>909</xmax>
      <ymax>233</ymax>
    </bndbox>
  </object>
  <object>
    <name>pedestrian</name>
    <bndbox>
      <xmin>251</xmin>
      <ymin>245</ymin>
      <xmax>300</xmax>
      <ymax>374</ymax>
    </bndbox>
  </object>
  <object>
    <name>pedestrian</name>
    <bndbox>
      <xmin>782</xmin>
      <ymin>362</ymin>
      <xmax>842</xmax>
      <ymax>525</ymax>
    </bndbox>
  </object>
  <object>
    <name>pedestrian</name>
    <bndbox>
      <xmin>108</xmin>
      <ymin>329</ymin>
      <xmax>171</xmax>
      <ymax>479</ymax>
    </bndbox>
  </object>
  <object>
    <name>pedestrian</name>
    <bndbox>
      <xmin>62</xmin>
      <ymin>329</ymin>
      <xmax>128</xmax>
      <ymax>480</ymax>
    </bndbox>
  </object>
  <object>
    <name>pedestrian</name>
    <bndbox>
      <xmin>638</xmin>
      <ymin>478</ymin>
      <xmax>701</xmax>
      <ymax>673</ymax>
    </bndbox>
  </object>
</annotation>
