<annotation>
  <filename>3395.jpg</filename>
  <size>
    <width>960</width>
    <height>540</height>
    <depth>3</depth>
  </size>
  <object>
    <name>pedestrian</name>
    <bndbox>
      <xmin>827</xmin>
      <ymin>23</ymin>
      <xmax>859</xmax>
      <ymax>97</ymax>
    </bndbox>
  </object>
  <object>
    <name>pedestrian</name>
    <bndbox>
      <xmin>74</xmin>
      <ymin>196</ymin>
      <xmax>126</xmax>
      <ymax>311</ymax>
    </bndbox>
  </object>
  <object>
    <name>pedestrian</name>
    <bndbox>
      <xmin>837</xmin>
      <ymin>30</ymin>
      <xmax>871</xmax>
      <ymax>106</ymax>
    </bndbox>
  </object>
  <object>
    <name>pedestrian</name>
    <bndbox>
      <xmin>107</xmin>
      <ymin>197</ymin>
      <xmax>156</xmax>
      <ymax>312</ymax>
    </bndbox>
  </object>
  <object>
    <name>pedestrian</name>
    <bndbox>
      <xmin>706</xmin>
      <ymin>352</ymin>
      <xmax>762</xmax>
      <ymax>510</ymax>
    </bndbox>
  </object>
  <object>
    <name>pedestrian</name>
    <bndbox>
      <xmin>160</xmin>
      <ymin>142</ymin>
      <xmax>201</xmax>
      <ymax>243</ymax>
    </bndbox>
  </object>
  <object>
    <name>pedestrian</name>
    <bndbox>
      <xmin>123</xmin>
      <ymin>142</ymin>
      <xmax>166</xmax>
      <ymax>241</ymax>
    </bndbox>
  </object>
  <object>
    <name>pedestrian</name>
    <bndbox>
      <xmin>302</xmin>
      <ymin>75</ymin>
      <xmax>334</xmax>
      <ymax>158</ymax>
    </bndbox>
  </object>
  <object>
    <name>pedestrian</name>
    <bndbox>
      <xmin>779</xmin>
      <ymin>11</ymin>
      <xmax>807</xmax>
      <ymax>81</ymax>
    </bndbox>
  </object>
  <object>
    <name>pedestrian</name>
    <bndbox>
      <xmin>320</xmin>
      <ymin>85</ymin>
      <xmax>351</xmax>
      <ymax>171</ymax>
    </bndbox>
  </object>
  <object>
    <name>pedestrian</name>
    <bndbox>
      <xmin>651</xmin>
      <ymin>181</ymin>
      <xmax>689</xmax>
      <ymax>295</ymax>
    </bndbox>
  </object>
  <object>
    <name>pedestrian</name>
    <bndbox>
      <xmin>211</xmin>
      <ymin>102</ymin>
      <xmax>247</xmax>
      <ymax>191</ymax>
    </bndbox>
  </object>
  <object>
    <name>pedestrian</name>
    <bndbox>
      <xmin>786</xmin>
      <ymin>365</ymin>
      <xmax>846</xmax>
      <ymax>529</ymax>
    </bndbox>
  </object>
  <object>
    <name>pedestrian</name>
    <bndbox>
      <xmin>703</xmin>
      <ymin>49</ymin>
      <xmax>730</xmax>
      <ymax>127</ymax>
    </bndbox>
  </object>
  <object>
    <name>pedestrian</name>
    <bndbox>
      <xmin>318</xmin>
      <ymin>215</ymin>
      <xmax>362</xmax>
      <ymax>336</ymax>
    </bndbox>
  </object>
  <object>
    <name>pedestrian</name>
    <bndbox>
      <xmin>360</xmin>
      <ymin>222</ymin>
      <xmax>404</xmax>
      <ymax>347</ymax>
    </bndbox>
  </object>
  <object>
    <name>pedestrian</name>
    <bndbox>
      <xmin>293</xmin>
      <ymin>72</ymin>
      <xmax>324</xmax>
      <ymax>154</ymax>
    </bndbox>
  </object>
  <object>
    <name>pedestrian</name>
    <bndbox>
      <xmin>423</xmin>
      <ymin>349</ymin>
      <xmax>475</xmax>
      <ymax>504</ymax>
    </bndbox>
  </object>
  <object>
    <name>pedestrian</name>
    <bndbox>
      <xmin>58</xmin>
      <ymin>161</ymin>
      <xmax>108</xmax>
      <ymax>266</ymax>
    </bndbox>
  </object>
  <object>
    <name>pedestrian</name>
    <bndbox>
      <xmin>41</xmin>
      <ymin>149</ymin>
      <xmax>90</xmax>
      <ymax>252</ymax>
    </bndbox>
  </object>
  <object>
    <name>pedestrian</name>
    <bndbox>
      <xmin>487</xmin>
      <ymin>7</ymin>
      <xmax>510</xmax>
      <ymax>73</ymax>
    </bndbox>
  </object>
  <object>
    <name>pedestrian</name>
    <bndbox>
      <xmin>912</xmin>
      <ymin>2</ymin>
      <xmax>951</xmax>
      <ymax>76</ymax>
    </bndbox>
  </object>
  <object>
    <name>pedestrian</name>
    <bndbox>
      <xmin>307</xmin>
      <ymin>55</ymin>
      <xmax>336</xmax>
      <ymax>132</ymax>
    </bndbox>
  </object>
</annotation>
