<annotation>
  <filename>342.jpg</filename>
  <size>
    <width>960</width>
    <height>540</height>
    <depth>3</depth>
  </size>
  <object>
    <name>pedestrian</name>
    <bndbox>
      <xmin>741</xmin>
      <ymin>77</ymin>
      <xmax>772</xmax>
      <ymax>163</ymax>
    </bndbox>
  </object>
  <object>
    <name>pedestrian</name>
    <bndbox>
      <xmin>99</xmin>
      <ymin>145</ymin>
      <xmax>144</xmax>
      <ymax>246</ymax>
    </bndbox>
  </object>
  <object>
    <name>pedestrian</name>
    <bndbox>
      <xmin>334</xmin>
      <ymin>73</ymin>
      <xmax>365</xmax>
      <ymax>156</ymax>
    </bndbox>
  </object>
  <object>
    <name>pedestrian</name>
    <bndbox>
      <xmin>876</xmin>
      <ymin>234</ymin>
      <xmax>930</xmax>
      <ymax>363</ymax>
    </bndbox>
  </object>
  <object>
    <name>pedestrian</name>
    <bndbox>
      <xmin>297</xmin>
      <ymin>92</ymin>
      <xmax>329</xmax>
      <ymax>180</ymax>
    </bndbox>
  </object>
  <object>
    <name>pedestrian</name>
    <bndbox>
      <xmin>609</xmin>
      <ymin>28</ymin>
      <xmax>633</xmax>
      <ymax>99</ymax>
    </bndbox>
  </object>
  <object>
    <name>pedestrian</name>
    <bndbox>
      <xmin>710</xmin>
      <ymin>232</ymin>
      <xmax>754</xmax>
      <ymax>360</ymax>
    </bndbox>
  </object>
  <object>
    <name>pedestrian</name>
    <bndbox>
      <xmin>191</xmin>
      <ymin>167</ymin>
      <xmax>233</xmax>
      <ymax>274</ymax>
    </bndbox>
  </object>
  <object>
    <name>pedestrian</name>
    <bndbox>
      <xmin>845</xmin>
      <ymin>188</ymin>
      <xmax>892</xmax>
      <ymax>305</ymax>
    </bndbox>
  </object>
  <object>
    <name>pedestrian</name>
    <bndbox>
      <xmin>864</xmin>
      <ymin>135</ymin>
      <xmax>908</xmax>
      <ymax>238</ymax>
    </bndbox>
  </object>
  <object>
    <name>pedestrian</name>
    <bndbox>
      <xmin>261</xmin>
      <ymin>244</ymin>
      <xmax>309</xmax>
      <ymax>372</ymax>
    </bndbox>
  </object>
  <object>
    <name>pedestrian</name>
    <bndbox>
      <xmin>785</xmin>
      <ymin>356</ymin>
      <xmax>844</xmax>
      <ymax>516</ymax>
    </bndbox>
  </object>
  <object>
    <name>pedestrian</name>
    <bndbox>
      <xmin>117</xmin>
      <ymin>323</ymin>
      <xmax>179</xmax>
      <ymax>471</ymax>
    </bndbox>
  </object>
  <object>
    <name>pedestrian</name>
    <bndbox>
      <xmin>72</xmin>
      <ymin>322</ymin>
      <xmax>136</xmax>
      <ymax>470</ymax>
    </bndbox>
  </object>
  <object>
    <name>pedestrian</name>
    <bndbox>
      <xmin>647</xmin>
      <ymin>472</ymin>
      <xmax>710</xmax>
      <ymax>665</ymax>
    </bndbox>
  </object>
</annotation>
