<annotation>
  <filename>3439.jpg</filename>
  <size>
    <width>960</width>
    <height>540</height>
    <depth>3</depth>
  </size>
  <object>
    <name>pedestrian</name>
    <bndbox>
      <xmin>820</xmin>
      <ymin>-2</ymin>
      <xmax>849</xmax>
      <ymax>67</ymax>
    </bndbox>
  </object>
  <object>
    <name>pedestrian</name>
    <bndbox>
      <xmin>845</xmin>
      <ymin>17</ymin>
      <xmax>878</xmax>
      <ymax>90</ymax>
    </bndbox>
  </object>
  <object>
    <name>pedestrian</name>
    <bndbox>
      <xmin>-13</xmin>
      <ymin>253</ymin>
      <xmax>52</xmax>
      <ymax>383</ymax>
    </bndbox>
  </object>
  <object>
    <name>pedestrian</name>
    <bndbox>
      <xmin>666</xmin>
      <ymin>433</ymin>
      <xmax>727</xmax>
      <ymax>612</ymax>
    </bndbox>
  </object>
  <object>
    <name>pedestrian</name>
    <bndbox>
      <xmin>66</xmin>
      <ymin>188</ymin>
      <xmax>117</xmax>
      <ymax>301</ymax>
    </bndbox>
  </object>
  <object>
    <name>pedestrian</name>
    <bndbox>
      <xmin>23</xmin>
      <ymin>191</ymin>
      <xmax>78</xmax>
      <ymax>304</ymax>
    </bndbox>
  </object>
  <object>
    <name>pedestrian</name>
    <bndbox>
      <xmin>254</xmin>
      <ymin>95</ymin>
      <xmax>287</xmax>
      <ymax>183</ymax>
    </bndbox>
  </object>
  <object>
    <name>pedestrian</name>
    <bndbox>
      <xmin>268</xmin>
      <ymin>103</ymin>
      <xmax>302</xmax>
      <ymax>193</ymax>
    </bndbox>
  </object>
  <object>
    <name>pedestrian</name>
    <bndbox>
      <xmin>687</xmin>
      <ymin>143</ymin>
      <xmax>722</xmax>
      <ymax>247</ymax>
    </bndbox>
  </object>
  <object>
    <name>pedestrian</name>
    <bndbox>
      <xmin>157</xmin>
      <ymin>130</ymin>
      <xmax>198</xmax>
      <ymax>227</ymax>
    </bndbox>
  </object>
  <object>
    <name>pedestrian</name>
    <bndbox>
      <xmin>738</xmin>
      <ymin>446</ymin>
      <xmax>801</xmax>
      <ymax>634</ymax>
    </bndbox>
  </object>
  <object>
    <name>pedestrian</name>
    <bndbox>
      <xmin>674</xmin>
      <ymin>76</ymin>
      <xmax>703</xmax>
      <ymax>162</ymax>
    </bndbox>
  </object>
  <object>
    <name>pedestrian</name>
    <bndbox>
      <xmin>349</xmin>
      <ymin>169</ymin>
      <xmax>388</xmax>
      <ymax>279</ymax>
    </bndbox>
  </object>
  <object>
    <name>pedestrian</name>
    <bndbox>
      <xmin>391</xmin>
      <ymin>171</ymin>
      <xmax>429</xmax>
      <ymax>281</ymax>
    </bndbox>
  </object>
  <object>
    <name>pedestrian</name>
    <bndbox>
      <xmin>239</xmin>
      <ymin>89</ymin>
      <xmax>273</xmax>
      <ymax>176</ymax>
    </bndbox>
  </object>
  <object>
    <name>pedestrian</name>
    <bndbox>
      <xmin>522</xmin>
      <ymin>273</ymin>
      <xmax>565</xmax>
      <ymax>411</ymax>
    </bndbox>
  </object>
  <object>
    <name>pedestrian</name>
    <bndbox>
      <xmin>116</xmin>
      <ymin>137</ymin>
      <xmax>159</xmax>
      <ymax>236</ymax>
    </bndbox>
  </object>
  <object>
    <name>pedestrian</name>
    <bndbox>
      <xmin>95</xmin>
      <ymin>123</ymin>
      <xmax>138</xmax>
      <ymax>219</ymax>
    </bndbox>
  </object>
  <object>
    <name>pedestrian</name>
    <bndbox>
      <xmin>449</xmin>
      <ymin>25</ymin>
      <xmax>474</xmax>
      <ymax>95</ymax>
    </bndbox>
  </object>
  <object>
    <name>pedestrian</name>
    <bndbox>
      <xmin>921</xmin>
      <ymin>10</ymin>
      <xmax>962</xmax>
      <ymax>87</ymax>
    </bndbox>
  </object>
  <object>
    <name>pedestrian</name>
    <bndbox>
      <xmin>369</xmin>
      <ymin>33</ymin>
      <xmax>395</xmax>
      <ymax>105</ymax>
    </bndbox>
  </object>
</annotation>
