<annotation>
  <filename>3492.jpg</filename>
  <size>
    <width>960</width>
    <height>540</height>
    <depth>3</depth>
  </size>
  <object>
    <name>pedestrian</name>
    <bndbox>
      <xmin>763</xmin>
      <ymin>12</ymin>
      <xmax>790</xmax>
      <ymax>82</ymax>
    </bndbox>
  </object>
  <object>
    <name>pedestrian</name>
    <bndbox>
      <xmin>189</xmin>
      <ymin>121</ymin>
      <xmax>227</xmax>
      <ymax>216</ymax>
    </bndbox>
  </object>
  <object>
    <name>pedestrian</name>
    <bndbox>
      <xmin>207</xmin>
      <ymin>132</ymin>
      <xmax>246</xmax>
      <ymax>230</ymax>
    </bndbox>
  </object>
  <object>
    <name>pedestrian</name>
    <bndbox>
      <xmin>722</xmin>
      <ymin>105</ymin>
      <xmax>754</xmax>
      <ymax>198</ymax>
    </bndbox>
  </object>
  <object>
    <name>pedestrian</name>
    <bndbox>
      <xmin>51</xmin>
      <ymin>173</ymin>
      <xmax>102</xmax>
      <ymax>281</ymax>
    </bndbox>
  </object>
  <object>
    <name>pedestrian</name>
    <bndbox>
      <xmin>642</xmin>
      <ymin>110</ymin>
      <xmax>674</xmax>
      <ymax>205</ymax>
    </bndbox>
  </object>
  <object>
    <name>pedestrian</name>
    <bndbox>
      <xmin>396</xmin>
      <ymin>123</ymin>
      <xmax>431</xmax>
      <ymax>220</ymax>
    </bndbox>
  </object>
  <object>
    <name>pedestrian</name>
    <bndbox>
      <xmin>428</xmin>
      <ymin>125</ymin>
      <xmax>462</xmax>
      <ymax>224</ymax>
    </bndbox>
  </object>
  <object>
    <name>pedestrian</name>
    <bndbox>
      <xmin>603</xmin>
      <ymin>196</ymin>
      <xmax>641</xmax>
      <ymax>314</ymax>
    </bndbox>
  </object>
  <object>
    <name>pedestrian</name>
    <bndbox>
      <xmin>171</xmin>
      <ymin>116</ymin>
      <xmax>209</xmax>
      <ymax>209</ymax>
    </bndbox>
  </object>
  <object>
    <name>pedestrian</name>
    <bndbox>
      <xmin>163</xmin>
      <ymin>102</ymin>
      <xmax>200</xmax>
      <ymax>191</ymax>
    </bndbox>
  </object>
  <object>
    <name>pedestrian</name>
    <bndbox>
      <xmin>387</xmin>
      <ymin>48</ymin>
      <xmax>415</xmax>
      <ymax>124</ymax>
    </bndbox>
  </object>
  <object>
    <name>pedestrian</name>
    <bndbox>
      <xmin>440</xmin>
      <ymin>18</ymin>
      <xmax>465</xmax>
      <ymax>86</ymax>
    </bndbox>
  </object>
  <object>
    <name>pedestrian</name>
    <bndbox>
      <xmin>229</xmin>
      <ymin>117</ymin>
      <xmax>265</xmax>
      <ymax>211</ymax>
    </bndbox>
  </object>
  <object>
    <name>pedestrian</name>
    <bndbox>
      <xmin>210</xmin>
      <ymin>113</ymin>
      <xmax>247</xmax>
      <ymax>206</ymax>
    </bndbox>
  </object>
  <object>
    <name>pedestrian</name>
    <bndbox>
      <xmin>555</xmin>
      <ymin>469</ymin>
      <xmax>613</xmax>
      <ymax>655</ymax>
    </bndbox>
  </object>
  <object>
    <name>pedestrian</name>
    <bndbox>
      <xmin>-14</xmin>
      <ymin>168</ymin>
      <xmax>43</xmax>
      <ymax>276</ymax>
    </bndbox>
  </object>
</annotation>
