<annotation>
  <filename>3506.jpg</filename>
  <size>
    <width>960</width>
    <height>540</height>
    <depth>3</depth>
  </size>
  <object>
    <name>pedestrian</name>
    <bndbox>
      <xmin>744</xmin>
      <ymin>15</ymin>
      <xmax>770</xmax>
      <ymax>85</ymax>
    </bndbox>
  </object>
  <object>
    <name>pedestrian</name>
    <bndbox>
      <xmin>168</xmin>
      <ymin>128</ymin>
      <xmax>208</xmax>
      <ymax>224</ymax>
    </bndbox>
  </object>
  <object>
    <name>pedestrian</name>
    <bndbox>
      <xmin>187</xmin>
      <ymin>141</ymin>
      <xmax>227</xmax>
      <ymax>241</ymax>
    </bndbox>
  </object>
  <object>
    <name>pedestrian</name>
    <bndbox>
      <xmin>729</xmin>
      <ymin>96</ymin>
      <xmax>761</xmax>
      <ymax>186</ymax>
    </bndbox>
  </object>
  <object>
    <name>pedestrian</name>
    <bndbox>
      <xmin>14</xmin>
      <ymin>184</ymin>
      <xmax>70</xmax>
      <ymax>296</ymax>
    </bndbox>
  </object>
  <object>
    <name>pedestrian</name>
    <bndbox>
      <xmin>635</xmin>
      <ymin>120</ymin>
      <xmax>667</xmax>
      <ymax>218</ymax>
    </bndbox>
  </object>
  <object>
    <name>pedestrian</name>
    <bndbox>
      <xmin>411</xmin>
      <ymin>111</ymin>
      <xmax>444</xmax>
      <ymax>206</ymax>
    </bndbox>
  </object>
  <object>
    <name>pedestrian</name>
    <bndbox>
      <xmin>439</xmin>
      <ymin>114</ymin>
      <xmax>472</xmax>
      <ymax>209</ymax>
    </bndbox>
  </object>
  <object>
    <name>pedestrian</name>
    <bndbox>
      <xmin>625</xmin>
      <ymin>178</ymin>
      <xmax>662</xmax>
      <ymax>291</ymax>
    </bndbox>
  </object>
  <object>
    <name>pedestrian</name>
    <bndbox>
      <xmin>190</xmin>
      <ymin>109</ymin>
      <xmax>227</xmax>
      <ymax>200</ymax>
    </bndbox>
  </object>
  <object>
    <name>pedestrian</name>
    <bndbox>
      <xmin>176</xmin>
      <ymin>95</ymin>
      <xmax>212</xmax>
      <ymax>183</ymax>
    </bndbox>
  </object>
  <object>
    <name>pedestrian</name>
    <bndbox>
      <xmin>371</xmin>
      <ymin>56</ymin>
      <xmax>400</xmax>
      <ymax>135</ymax>
    </bndbox>
  </object>
  <object>
    <name>pedestrian</name>
    <bndbox>
      <xmin>454</xmin>
      <ymin>13</ymin>
      <xmax>478</xmax>
      <ymax>79</ymax>
    </bndbox>
  </object>
  <object>
    <name>pedestrian</name>
    <bndbox>
      <xmin>220</xmin>
      <ymin>124</ymin>
      <xmax>257</xmax>
      <ymax>220</ymax>
    </bndbox>
  </object>
  <object>
    <name>pedestrian</name>
    <bndbox>
      <xmin>196</xmin>
      <ymin>118</ymin>
      <xmax>234</xmax>
      <ymax>212</ymax>
    </bndbox>
  </object>
  <object>
    <name>pedestrian</name>
    <bndbox>
      <xmin>591</xmin>
      <ymin>441</ymin>
      <xmax>649</xmax>
      <ymax>620</ymax>
    </bndbox>
  </object>
  <object>
    <name>pedestrian</name>
    <bndbox>
      <xmin>16</xmin>
      <ymin>155</ymin>
      <xmax>69</xmax>
      <ymax>259</ymax>
    </bndbox>
  </object>
  <object>
    <name>pedestrian</name>
    <bndbox>
      <xmin>908</xmin>
      <ymin>62</ymin>
      <xmax>951</xmax>
      <ymax>150</ymax>
    </bndbox>
  </object>
</annotation>
