<annotation>
  <filename>3510.jpg</filename>
  <size>
    <width>960</width>
    <height>540</height>
    <depth>3</depth>
  </size>
  <object>
    <name>pedestrian</name>
    <bndbox>
      <xmin>739</xmin>
      <ymin>16</ymin>
      <xmax>765</xmax>
      <ymax>85</ymax>
    </bndbox>
  </object>
  <object>
    <name>pedestrian</name>
    <bndbox>
      <xmin>164</xmin>
      <ymin>130</ymin>
      <xmax>204</xmax>
      <ymax>227</ymax>
    </bndbox>
  </object>
  <object>
    <name>pedestrian</name>
    <bndbox>
      <xmin>181</xmin>
      <ymin>142</ymin>
      <xmax>221</xmax>
      <ymax>242</ymax>
    </bndbox>
  </object>
  <object>
    <name>pedestrian</name>
    <bndbox>
      <xmin>731</xmin>
      <ymin>91</ymin>
      <xmax>763</xmax>
      <ymax>181</ymax>
    </bndbox>
  </object>
  <object>
    <name>pedestrian</name>
    <bndbox>
      <xmin>6</xmin>
      <ymin>189</ymin>
      <xmax>62</xmax>
      <ymax>302</ymax>
    </bndbox>
  </object>
  <object>
    <name>pedestrian</name>
    <bndbox>
      <xmin>632</xmin>
      <ymin>126</ymin>
      <xmax>664</xmax>
      <ymax>226</ymax>
    </bndbox>
  </object>
  <object>
    <name>pedestrian</name>
    <bndbox>
      <xmin>412</xmin>
      <ymin>110</ymin>
      <xmax>445</xmax>
      <ymax>204</ymax>
    </bndbox>
  </object>
  <object>
    <name>pedestrian</name>
    <bndbox>
      <xmin>443</xmin>
      <ymin>112</ymin>
      <xmax>476</xmax>
      <ymax>206</ymax>
    </bndbox>
  </object>
  <object>
    <name>pedestrian</name>
    <bndbox>
      <xmin>631</xmin>
      <ymin>175</ymin>
      <xmax>668</xmax>
      <ymax>287</ymax>
    </bndbox>
  </object>
  <object>
    <name>pedestrian</name>
    <bndbox>
      <xmin>195</xmin>
      <ymin>106</ymin>
      <xmax>232</xmax>
      <ymax>197</ymax>
    </bndbox>
  </object>
  <object>
    <name>pedestrian</name>
    <bndbox>
      <xmin>182</xmin>
      <ymin>95</ymin>
      <xmax>218</xmax>
      <ymax>183</ymax>
    </bndbox>
  </object>
  <object>
    <name>pedestrian</name>
    <bndbox>
      <xmin>366</xmin>
      <ymin>58</ymin>
      <xmax>395</xmax>
      <ymax>137</ymax>
    </bndbox>
  </object>
  <object>
    <name>pedestrian</name>
    <bndbox>
      <xmin>459</xmin>
      <ymin>10</ymin>
      <xmax>482</xmax>
      <ymax>76</ymax>
    </bndbox>
  </object>
  <object>
    <name>pedestrian</name>
    <bndbox>
      <xmin>216</xmin>
      <ymin>125</ymin>
      <xmax>254</xmax>
      <ymax>221</ymax>
    </bndbox>
  </object>
  <object>
    <name>pedestrian</name>
    <bndbox>
      <xmin>191</xmin>
      <ymin>119</ymin>
      <xmax>229</xmax>
      <ymax>213</ymax>
    </bndbox>
  </object>
  <object>
    <name>pedestrian</name>
    <bndbox>
      <xmin>606</xmin>
      <ymin>438</ymin>
      <xmax>665</xmax>
      <ymax>617</ymax>
    </bndbox>
  </object>
  <object>
    <name>pedestrian</name>
    <bndbox>
      <xmin>28</xmin>
      <ymin>153</ymin>
      <xmax>79</xmax>
      <ymax>256</ymax>
    </bndbox>
  </object>
  <object>
    <name>pedestrian</name>
    <bndbox>
      <xmin>904</xmin>
      <ymin>64</ymin>
      <xmax>946</xmax>
      <ymax>152</ymax>
    </bndbox>
  </object>
</annotation>
