<annotation>
  <filename>3542.jpg</filename>
  <size>
    <width>960</width>
    <height>540</height>
    <depth>3</depth>
  </size>
  <object>
    <name>pedestrian</name>
    <bndbox>
      <xmin>701</xmin>
      <ymin>24</ymin>
      <xmax>727</xmax>
      <ymax>95</ymax>
    </bndbox>
  </object>
  <object>
    <name>pedestrian</name>
    <bndbox>
      <xmin>119</xmin>
      <ymin>152</ymin>
      <xmax>164</xmax>
      <ymax>255</ymax>
    </bndbox>
  </object>
  <object>
    <name>pedestrian</name>
    <bndbox>
      <xmin>138</xmin>
      <ymin>164</ymin>
      <xmax>183</xmax>
      <ymax>270</ymax>
    </bndbox>
  </object>
  <object>
    <name>pedestrian</name>
    <bndbox>
      <xmin>755</xmin>
      <ymin>73</ymin>
      <xmax>787</xmax>
      <ymax>158</ymax>
    </bndbox>
  </object>
  <object>
    <name>pedestrian</name>
    <bndbox>
      <xmin>604</xmin>
      <ymin>150</ymin>
      <xmax>638</xmax>
      <ymax>255</ymax>
    </bndbox>
  </object>
  <object>
    <name>pedestrian</name>
    <bndbox>
      <xmin>434</xmin>
      <ymin>86</ymin>
      <xmax>465</xmax>
      <ymax>174</ymax>
    </bndbox>
  </object>
  <object>
    <name>pedestrian</name>
    <bndbox>
      <xmin>467</xmin>
      <ymin>92</ymin>
      <xmax>497</xmax>
      <ymax>181</ymax>
    </bndbox>
  </object>
  <object>
    <name>pedestrian</name>
    <bndbox>
      <xmin>679</xmin>
      <ymin>142</ymin>
      <xmax>714</xmax>
      <ymax>245</ymax>
    </bndbox>
  </object>
  <object>
    <name>pedestrian</name>
    <bndbox>
      <xmin>243</xmin>
      <ymin>91</ymin>
      <xmax>277</xmax>
      <ymax>179</ymax>
    </bndbox>
  </object>
  <object>
    <name>pedestrian</name>
    <bndbox>
      <xmin>225</xmin>
      <ymin>82</ymin>
      <xmax>259</xmax>
      <ymax>167</ymax>
    </bndbox>
  </object>
  <object>
    <name>pedestrian</name>
    <bndbox>
      <xmin>329</xmin>
      <ymin>78</ymin>
      <xmax>360</xmax>
      <ymax>162</ymax>
    </bndbox>
  </object>
  <object>
    <name>pedestrian</name>
    <bndbox>
      <xmin>489</xmin>
      <ymin>3</ymin>
      <xmax>512</xmax>
      <ymax>67</ymax>
    </bndbox>
  </object>
  <object>
    <name>pedestrian</name>
    <bndbox>
      <xmin>177</xmin>
      <ymin>141</ymin>
      <xmax>218</xmax>
      <ymax>241</ymax>
    </bndbox>
  </object>
  <object>
    <name>pedestrian</name>
    <bndbox>
      <xmin>145</xmin>
      <ymin>140</ymin>
      <xmax>187</xmax>
      <ymax>239</ymax>
    </bndbox>
  </object>
  <object>
    <name>pedestrian</name>
    <bndbox>
      <xmin>680</xmin>
      <ymin>373</ymin>
      <xmax>736</xmax>
      <ymax>535</ymax>
    </bndbox>
  </object>
  <object>
    <name>pedestrian</name>
    <bndbox>
      <xmin>101</xmin>
      <ymin>125</ymin>
      <xmax>144</xmax>
      <ymax>220</ymax>
    </bndbox>
  </object>
  <object>
    <name>pedestrian</name>
    <bndbox>
      <xmin>884</xmin>
      <ymin>80</ymin>
      <xmax>926</xmax>
      <ymax>170</ymax>
    </bndbox>
  </object>
  <object>
    <name>pedestrian</name>
    <bndbox>
      <xmin>877</xmin>
      <ymin>227</ymin>
      <xmax>930</xmax>
      <ymax>354</ymax>
    </bndbox>
  </object>
  <object>
    <name>pedestrian</name>
    <bndbox>
      <xmin>916</xmin>
      <ymin>64</ymin>
      <xmax>961</xmax>
      <ymax>152</ymax>
    </bndbox>
  </object>
</annotation>
