<annotation>
  <filename>3545.jpg</filename>
  <size>
    <width>960</width>
    <height>540</height>
    <depth>3</depth>
  </size>
  <object>
    <name>pedestrian</name>
    <bndbox>
      <xmin>697</xmin>
      <ymin>25</ymin>
      <xmax>723</xmax>
      <ymax>97</ymax>
    </bndbox>
  </object>
  <object>
    <name>pedestrian</name>
    <bndbox>
      <xmin>116</xmin>
      <ymin>156</ymin>
      <xmax>161</xmax>
      <ymax>260</ymax>
    </bndbox>
  </object>
  <object>
    <name>pedestrian</name>
    <bndbox>
      <xmin>135</xmin>
      <ymin>168</ymin>
      <xmax>180</xmax>
      <ymax>275</ymax>
    </bndbox>
  </object>
  <object>
    <name>pedestrian</name>
    <bndbox>
      <xmin>758</xmin>
      <ymin>73</ymin>
      <xmax>790</xmax>
      <ymax>158</ymax>
    </bndbox>
  </object>
  <object>
    <name>pedestrian</name>
    <bndbox>
      <xmin>601</xmin>
      <ymin>154</ymin>
      <xmax>636</xmax>
      <ymax>261</ymax>
    </bndbox>
  </object>
  <object>
    <name>pedestrian</name>
    <bndbox>
      <xmin>437</xmin>
      <ymin>84</ymin>
      <xmax>468</xmax>
      <ymax>171</ymax>
    </bndbox>
  </object>
  <object>
    <name>pedestrian</name>
    <bndbox>
      <xmin>469</xmin>
      <ymin>88</ymin>
      <xmax>500</xmax>
      <ymax>177</ymax>
    </bndbox>
  </object>
  <object>
    <name>pedestrian</name>
    <bndbox>
      <xmin>682</xmin>
      <ymin>140</ymin>
      <xmax>717</xmax>
      <ymax>242</ymax>
    </bndbox>
  </object>
  <object>
    <name>pedestrian</name>
    <bndbox>
      <xmin>248</xmin>
      <ymin>91</ymin>
      <xmax>282</xmax>
      <ymax>179</ymax>
    </bndbox>
  </object>
  <object>
    <name>pedestrian</name>
    <bndbox>
      <xmin>230</xmin>
      <ymin>81</ymin>
      <xmax>264</xmax>
      <ymax>166</ymax>
    </bndbox>
  </object>
  <object>
    <name>pedestrian</name>
    <bndbox>
      <xmin>325</xmin>
      <ymin>80</ymin>
      <xmax>357</xmax>
      <ymax>165</ymax>
    </bndbox>
  </object>
  <object>
    <name>pedestrian</name>
    <bndbox>
      <xmin>494</xmin>
      <ymin>-2</ymin>
      <xmax>517</xmax>
      <ymax>61</ymax>
    </bndbox>
  </object>
  <object>
    <name>pedestrian</name>
    <bndbox>
      <xmin>173</xmin>
      <ymin>144</ymin>
      <xmax>214</xmax>
      <ymax>244</ymax>
    </bndbox>
  </object>
  <object>
    <name>pedestrian</name>
    <bndbox>
      <xmin>138</xmin>
      <ymin>142</ymin>
      <xmax>181</xmax>
      <ymax>242</ymax>
    </bndbox>
  </object>
  <object>
    <name>pedestrian</name>
    <bndbox>
      <xmin>685</xmin>
      <ymin>369</ymin>
      <xmax>742</xmax>
      <ymax>531</ymax>
    </bndbox>
  </object>
  <object>
    <name>pedestrian</name>
    <bndbox>
      <xmin>107</xmin>
      <ymin>122</ymin>
      <xmax>149</xmax>
      <ymax>216</ymax>
    </bndbox>
  </object>
  <object>
    <name>pedestrian</name>
    <bndbox>
      <xmin>883</xmin>
      <ymin>83</ymin>
      <xmax>925</xmax>
      <ymax>174</ymax>
    </bndbox>
  </object>
  <object>
    <name>pedestrian</name>
    <bndbox>
      <xmin>872</xmin>
      <ymin>229</ymin>
      <xmax>926</xmax>
      <ymax>357</ymax>
    </bndbox>
  </object>
  <object>
    <name>pedestrian</name>
    <bndbox>
      <xmin>916</xmin>
      <ymin>68</ymin>
      <xmax>960</xmax>
      <ymax>157</ymax>
    </bndbox>
  </object>
</annotation>
