<annotation>
  <filename>3566.jpg</filename>
  <size>
    <width>960</width>
    <height>540</height>
    <depth>3</depth>
  </size>
  <object>
    <name>pedestrian</name>
    <bndbox>
      <xmin>669</xmin>
      <ymin>31</ymin>
      <xmax>694</xmax>
      <ymax>104</ymax>
    </bndbox>
  </object>
  <object>
    <name>pedestrian</name>
    <bndbox>
      <xmin>81</xmin>
      <ymin>169</ymin>
      <xmax>129</xmax>
      <ymax>276</ymax>
    </bndbox>
  </object>
  <object>
    <name>pedestrian</name>
    <bndbox>
      <xmin>104</xmin>
      <ymin>182</ymin>
      <xmax>153</xmax>
      <ymax>293</ymax>
    </bndbox>
  </object>
  <object>
    <name>pedestrian</name>
    <bndbox>
      <xmin>772</xmin>
      <ymin>60</ymin>
      <xmax>803</xmax>
      <ymax>142</ymax>
    </bndbox>
  </object>
  <object>
    <name>pedestrian</name>
    <bndbox>
      <xmin>578</xmin>
      <ymin>172</ymin>
      <xmax>614</xmax>
      <ymax>284</ymax>
    </bndbox>
  </object>
  <object>
    <name>pedestrian</name>
    <bndbox>
      <xmin>450</xmin>
      <ymin>73</ymin>
      <xmax>479</xmax>
      <ymax>156</ymax>
    </bndbox>
  </object>
  <object>
    <name>pedestrian</name>
    <bndbox>
      <xmin>482</xmin>
      <ymin>76</ymin>
      <xmax>512</xmax>
      <ymax>161</ymax>
    </bndbox>
  </object>
  <object>
    <name>pedestrian</name>
    <bndbox>
      <xmin>702</xmin>
      <ymin>122</ymin>
      <xmax>736</xmax>
      <ymax>220</ymax>
    </bndbox>
  </object>
  <object>
    <name>pedestrian</name>
    <bndbox>
      <xmin>277</xmin>
      <ymin>82</ymin>
      <xmax>310</xmax>
      <ymax>166</ymax>
    </bndbox>
  </object>
  <object>
    <name>pedestrian</name>
    <bndbox>
      <xmin>253</xmin>
      <ymin>71</ymin>
      <xmax>284</xmax>
      <ymax>153</ymax>
    </bndbox>
  </object>
  <object>
    <name>pedestrian</name>
    <bndbox>
      <xmin>297</xmin>
      <ymin>93</ymin>
      <xmax>329</xmax>
      <ymax>181</ymax>
    </bndbox>
  </object>
  <object>
    <name>pedestrian</name>
    <bndbox>
      <xmin>134</xmin>
      <ymin>159</ymin>
      <xmax>178</xmax>
      <ymax>264</ymax>
    </bndbox>
  </object>
  <object>
    <name>pedestrian</name>
    <bndbox>
      <xmin>107</xmin>
      <ymin>156</ymin>
      <xmax>152</xmax>
      <ymax>259</ymax>
    </bndbox>
  </object>
  <object>
    <name>pedestrian</name>
    <bndbox>
      <xmin>719</xmin>
      <ymin>331</ymin>
      <xmax>773</xmax>
      <ymax>483</ymax>
    </bndbox>
  </object>
  <object>
    <name>pedestrian</name>
    <bndbox>
      <xmin>152</xmin>
      <ymin>110</ymin>
      <xmax>190</xmax>
      <ymax>202</ymax>
    </bndbox>
  </object>
  <object>
    <name>pedestrian</name>
    <bndbox>
      <xmin>873</xmin>
      <ymin>93</ymin>
      <xmax>914</xmax>
      <ymax>186</ymax>
    </bndbox>
  </object>
  <object>
    <name>pedestrian</name>
    <bndbox>
      <xmin>863</xmin>
      <ymin>246</ymin>
      <xmax>918</xmax>
      <ymax>377</ymax>
    </bndbox>
  </object>
  <object>
    <name>pedestrian</name>
    <bndbox>
      <xmin>19</xmin>
      <ymin>159</ymin>
      <xmax>71</xmax>
      <ymax>264</ymax>
    </bndbox>
  </object>
</annotation>
