<annotation>
  <filename>3588.jpg</filename>
  <size>
    <width>960</width>
    <height>540</height>
    <depth>3</depth>
  </size>
  <object>
    <name>pedestrian</name>
    <bndbox>
      <xmin>635</xmin>
      <ymin>39</ymin>
      <xmax>660</xmax>
      <ymax>114</ymax>
    </bndbox>
  </object>
  <object>
    <name>pedestrian</name>
    <bndbox>
      <xmin>47</xmin>
      <ymin>189</ymin>
      <xmax>100</xmax>
      <ymax>302</ymax>
    </bndbox>
  </object>
  <object>
    <name>pedestrian</name>
    <bndbox>
      <xmin>71</xmin>
      <ymin>200</ymin>
      <xmax>123</xmax>
      <ymax>315</ymax>
    </bndbox>
  </object>
  <object>
    <name>pedestrian</name>
    <bndbox>
      <xmin>783</xmin>
      <ymin>50</ymin>
      <xmax>815</xmax>
      <ymax>130</ymax>
    </bndbox>
  </object>
  <object>
    <name>pedestrian</name>
    <bndbox>
      <xmin>551</xmin>
      <ymin>197</ymin>
      <xmax>588</xmax>
      <ymax>315</ymax>
    </bndbox>
  </object>
  <object>
    <name>pedestrian</name>
    <bndbox>
      <xmin>465</xmin>
      <ymin>62</ymin>
      <xmax>494</xmax>
      <ymax>143</ymax>
    </bndbox>
  </object>
  <object>
    <name>pedestrian</name>
    <bndbox>
      <xmin>495</xmin>
      <ymin>62</ymin>
      <xmax>523</xmax>
      <ymax>143</ymax>
    </bndbox>
  </object>
  <object>
    <name>pedestrian</name>
    <bndbox>
      <xmin>722</xmin>
      <ymin>106</ymin>
      <xmax>754</xmax>
      <ymax>199</ymax>
    </bndbox>
  </object>
  <object>
    <name>pedestrian</name>
    <bndbox>
      <xmin>306</xmin>
      <ymin>74</ymin>
      <xmax>337</xmax>
      <ymax>156</ymax>
    </bndbox>
  </object>
  <object>
    <name>pedestrian</name>
    <bndbox>
      <xmin>281</xmin>
      <ymin>64</ymin>
      <xmax>311</xmax>
      <ymax>144</ymax>
    </bndbox>
  </object>
  <object>
    <name>pedestrian</name>
    <bndbox>
      <xmin>263</xmin>
      <ymin>106</ymin>
      <xmax>298</xmax>
      <ymax>197</ymax>
    </bndbox>
  </object>
  <object>
    <name>pedestrian</name>
    <bndbox>
      <xmin>87</xmin>
      <ymin>174</ymin>
      <xmax>135</xmax>
      <ymax>283</ymax>
    </bndbox>
  </object>
  <object>
    <name>pedestrian</name>
    <bndbox>
      <xmin>58</xmin>
      <ymin>170</ymin>
      <xmax>108</xmax>
      <ymax>278</ymax>
    </bndbox>
  </object>
  <object>
    <name>pedestrian</name>
    <bndbox>
      <xmin>749</xmin>
      <ymin>295</ymin>
      <xmax>801</xmax>
      <ymax>438</ymax>
    </bndbox>
  </object>
  <object>
    <name>pedestrian</name>
    <bndbox>
      <xmin>195</xmin>
      <ymin>93</ymin>
      <xmax>230</xmax>
      <ymax>181</ymax>
    </bndbox>
  </object>
  <object>
    <name>pedestrian</name>
    <bndbox>
      <xmin>860</xmin>
      <ymin>109</ymin>
      <xmax>901</xmax>
      <ymax>205</ymax>
    </bndbox>
  </object>
  <object>
    <name>pedestrian</name>
    <bndbox>
      <xmin>852</xmin>
      <ymin>276</ymin>
      <xmax>908</xmax>
      <ymax>415</ymax>
    </bndbox>
  </object>
  <object>
    <name>pedestrian</name>
    <bndbox>
      <xmin>69</xmin>
      <ymin>141</ymin>
      <xmax>116</xmax>
      <ymax>241</ymax>
    </bndbox>
  </object>
</annotation>
