<annotation>
  <filename>360.jpg</filename>
  <size>
    <width>960</width>
    <height>540</height>
    <depth>3</depth>
  </size>
  <object>
    <name>pedestrian</name>
    <bndbox>
      <xmin>754</xmin>
      <ymin>67</ymin>
      <xmax>785</xmax>
      <ymax>150</ymax>
    </bndbox>
  </object>
  <object>
    <name>pedestrian</name>
    <bndbox>
      <xmin>51</xmin>
      <ymin>159</ymin>
      <xmax>101</xmax>
      <ymax>264</ymax>
    </bndbox>
  </object>
  <object>
    <name>pedestrian</name>
    <bndbox>
      <xmin>360</xmin>
      <ymin>63</ymin>
      <xmax>389</xmax>
      <ymax>143</ymax>
    </bndbox>
  </object>
  <object>
    <name>pedestrian</name>
    <bndbox>
      <xmin>892</xmin>
      <ymin>218</ymin>
      <xmax>947</xmax>
      <ymax>344</ymax>
    </bndbox>
  </object>
  <object>
    <name>pedestrian</name>
    <bndbox>
      <xmin>324</xmin>
      <ymin>85</ymin>
      <xmax>356</xmax>
      <ymax>171</ymax>
    </bndbox>
  </object>
  <object>
    <name>pedestrian</name>
    <bndbox>
      <xmin>588</xmin>
      <ymin>36</ymin>
      <xmax>613</xmax>
      <ymax>109</ymax>
    </bndbox>
  </object>
  <object>
    <name>pedestrian</name>
    <bndbox>
      <xmin>736</xmin>
      <ymin>209</ymin>
      <xmax>779</xmax>
      <ymax>329</ymax>
    </bndbox>
  </object>
  <object>
    <name>pedestrian</name>
    <bndbox>
      <xmin>205</xmin>
      <ymin>147</ymin>
      <xmax>246</xmax>
      <ymax>249</ymax>
    </bndbox>
  </object>
  <object>
    <name>pedestrian</name>
    <bndbox>
      <xmin>831</xmin>
      <ymin>204</ymin>
      <xmax>878</xmax>
      <ymax>324</ymax>
    </bndbox>
  </object>
  <object>
    <name>pedestrian</name>
    <bndbox>
      <xmin>855</xmin>
      <ymin>148</ymin>
      <xmax>899</xmax>
      <ymax>255</ymax>
    </bndbox>
  </object>
  <object>
    <name>pedestrian</name>
    <bndbox>
      <xmin>310</xmin>
      <ymin>224</ymin>
      <xmax>355</xmax>
      <ymax>348</ymax>
    </bndbox>
  </object>
  <object>
    <name>pedestrian</name>
    <bndbox>
      <xmin>810</xmin>
      <ymin>322</ymin>
      <xmax>868</xmax>
      <ymax>474</ymax>
    </bndbox>
  </object>
  <object>
    <name>pedestrian</name>
    <bndbox>
      <xmin>174</xmin>
      <ymin>293</ymin>
      <xmax>230</xmax>
      <ymax>432</ymax>
    </bndbox>
  </object>
  <object>
    <name>pedestrian</name>
    <bndbox>
      <xmin>121</xmin>
      <ymin>295</ymin>
      <xmax>180</xmax>
      <ymax>435</ymax>
    </bndbox>
  </object>
  <object>
    <name>pedestrian</name>
    <bndbox>
      <xmin>688</xmin>
      <ymin>421</ymin>
      <xmax>749</xmax>
      <ymax>598</ymax>
    </bndbox>
  </object>
  <object>
    <name>pedestrian</name>
    <bndbox>
      <xmin>530</xmin>
      <ymin>2</ymin>
      <xmax>553</xmax>
      <ymax>66</ymax>
    </bndbox>
  </object>
</annotation>
