<annotation>
  <filename>3616.jpg</filename>
  <size>
    <width>960</width>
    <height>540</height>
    <depth>3</depth>
  </size>
  <object>
    <name>pedestrian</name>
    <bndbox>
      <xmin>590</xmin>
      <ymin>53</ymin>
      <xmax>616</xmax>
      <ymax>131</ymax>
    </bndbox>
  </object>
  <object>
    <name>pedestrian</name>
    <bndbox>
      <xmin>5</xmin>
      <ymin>208</ymin>
      <xmax>64</xmax>
      <ymax>326</ymax>
    </bndbox>
  </object>
  <object>
    <name>pedestrian</name>
    <bndbox>
      <xmin>30</xmin>
      <ymin>220</ymin>
      <xmax>88</xmax>
      <ymax>341</ymax>
    </bndbox>
  </object>
  <object>
    <name>pedestrian</name>
    <bndbox>
      <xmin>797</xmin>
      <ymin>37</ymin>
      <xmax>828</xmax>
      <ymax>114</ymax>
    </bndbox>
  </object>
  <object>
    <name>pedestrian</name>
    <bndbox>
      <xmin>510</xmin>
      <ymin>228</ymin>
      <xmax>550</xmax>
      <ymax>355</ymax>
    </bndbox>
  </object>
  <object>
    <name>pedestrian</name>
    <bndbox>
      <xmin>486</xmin>
      <ymin>45</ymin>
      <xmax>512</xmax>
      <ymax>121</ymax>
    </bndbox>
  </object>
  <object>
    <name>pedestrian</name>
    <bndbox>
      <xmin>509</xmin>
      <ymin>47</ymin>
      <xmax>536</xmax>
      <ymax>124</ymax>
    </bndbox>
  </object>
  <object>
    <name>pedestrian</name>
    <bndbox>
      <xmin>747</xmin>
      <ymin>84</ymin>
      <xmax>779</xmax>
      <ymax>172</ymax>
    </bndbox>
  </object>
  <object>
    <name>pedestrian</name>
    <bndbox>
      <xmin>338</xmin>
      <ymin>63</ymin>
      <xmax>367</xmax>
      <ymax>143</ymax>
    </bndbox>
  </object>
  <object>
    <name>pedestrian</name>
    <bndbox>
      <xmin>312</xmin>
      <ymin>53</ymin>
      <xmax>341</xmax>
      <ymax>130</ymax>
    </bndbox>
  </object>
  <object>
    <name>pedestrian</name>
    <bndbox>
      <xmin>209</xmin>
      <ymin>128</ymin>
      <xmax>247</xmax>
      <ymax>225</ymax>
    </bndbox>
  </object>
  <object>
    <name>pedestrian</name>
    <bndbox>
      <xmin>10</xmin>
      <ymin>197</ymin>
      <xmax>67</xmax>
      <ymax>312</ymax>
    </bndbox>
  </object>
  <object>
    <name>pedestrian</name>
    <bndbox>
      <xmin>-19</xmin>
      <ymin>190</ymin>
      <xmax>40</xmax>
      <ymax>303</ymax>
    </bndbox>
  </object>
  <object>
    <name>pedestrian</name>
    <bndbox>
      <xmin>779</xmin>
      <ymin>258</ymin>
      <xmax>828</xmax>
      <ymax>392</ymax>
    </bndbox>
  </object>
  <object>
    <name>pedestrian</name>
    <bndbox>
      <xmin>252</xmin>
      <ymin>77</ymin>
      <xmax>284</xmax>
      <ymax>161</ymax>
    </bndbox>
  </object>
  <object>
    <name>pedestrian</name>
    <bndbox>
      <xmin>843</xmin>
      <ymin>128</ymin>
      <xmax>884</xmax>
      <ymax>229</ymax>
    </bndbox>
  </object>
  <object>
    <name>pedestrian</name>
    <bndbox>
      <xmin>851</xmin>
      <ymin>313</ymin>
      <xmax>911</xmax>
      <ymax>464</ymax>
    </bndbox>
  </object>
  <object>
    <name>pedestrian</name>
    <bndbox>
      <xmin>133</xmin>
      <ymin>123</ymin>
      <xmax>174</xmax>
      <ymax>218</ymax>
    </bndbox>
  </object>
  <object>
    <name>pedestrian</name>
    <bndbox>
      <xmin>901</xmin>
      <ymin>120</ymin>
      <xmax>948</xmax>
      <ymax>221</ymax>
    </bndbox>
  </object>
</annotation>
