<annotation>
  <filename>3788.jpg</filename>
  <size>
    <width>960</width>
    <height>540</height>
    <depth>3</depth>
  </size>
  <object>
    <name>pedestrian</name>
    <bndbox>
      <xmin>288</xmin>
      <ymin>143</ymin>
      <xmax>326</xmax>
      <ymax>244</ymax>
    </bndbox>
  </object>
  <object>
    <name>pedestrian</name>
    <bndbox>
      <xmin>843</xmin>
      <ymin>-1</ymin>
      <xmax>874</xmax>
      <ymax>68</ymax>
    </bndbox>
  </object>
  <object>
    <name>pedestrian</name>
    <bndbox>
      <xmin>485</xmin>
      <ymin>13</ymin>
      <xmax>509</xmax>
      <ymax>79</ymax>
    </bndbox>
  </object>
  <object>
    <name>pedestrian</name>
    <bndbox>
      <xmin>462</xmin>
      <ymin>2</ymin>
      <xmax>485</xmax>
      <ymax>66</ymax>
    </bndbox>
  </object>
  <object>
    <name>pedestrian</name>
    <bndbox>
      <xmin>843</xmin>
      <ymin>100</ymin>
      <xmax>883</xmax>
      <ymax>194</ymax>
    </bndbox>
  </object>
  <object>
    <name>pedestrian</name>
    <bndbox>
      <xmin>536</xmin>
      <ymin>7</ymin>
      <xmax>559</xmax>
      <ymax>72</ymax>
    </bndbox>
  </object>
  <object>
    <name>pedestrian</name>
    <bndbox>
      <xmin>750</xmin>
      <ymin>300</ymin>
      <xmax>802</xmax>
      <ymax>444</ymax>
    </bndbox>
  </object>
  <object>
    <name>pedestrian</name>
    <bndbox>
      <xmin>359</xmin>
      <ymin>77</ymin>
      <xmax>389</xmax>
      <ymax>161</ymax>
    </bndbox>
  </object>
  <object>
    <name>pedestrian</name>
    <bndbox>
      <xmin>707</xmin>
      <ymin>326</ymin>
      <xmax>760</xmax>
      <ymax>476</ymax>
    </bndbox>
  </object>
  <object>
    <name>pedestrian</name>
    <bndbox>
      <xmin>371</xmin>
      <ymin>34</ymin>
      <xmax>398</xmax>
      <ymax>106</ymax>
    </bndbox>
  </object>
  <object>
    <name>pedestrian</name>
    <bndbox>
      <xmin>815</xmin>
      <ymin>307</ymin>
      <xmax>872</xmax>
      <ymax>454</ymax>
    </bndbox>
  </object>
  <object>
    <name>pedestrian</name>
    <bndbox>
      <xmin>865</xmin>
      <ymin>312</ymin>
      <xmax>926</xmax>
      <ymax>463</ymax>
    </bndbox>
  </object>
  <object>
    <name>pedestrian</name>
    <bndbox>
      <xmin>489</xmin>
      <ymin>22</ymin>
      <xmax>514</xmax>
      <ymax>92</ymax>
    </bndbox>
  </object>
  <object>
    <name>pedestrian</name>
    <bndbox>
      <xmin>871</xmin>
      <ymin>119</ymin>
      <xmax>914</xmax>
      <ymax>218</ymax>
    </bndbox>
  </object>
  <object>
    <name>pedestrian</name>
    <bndbox>
      <xmin>815</xmin>
      <ymin>359</ymin>
      <xmax>876</xmax>
      <ymax>521</ymax>
    </bndbox>
  </object>
</annotation>
