<annotation>
  <filename>3791.jpg</filename>
  <size>
    <width>960</width>
    <height>540</height>
    <depth>3</depth>
  </size>
  <object>
    <name>pedestrian</name>
    <bndbox>
      <xmin>282</xmin>
      <ymin>143</ymin>
      <xmax>319</xmax>
      <ymax>245</ymax>
    </bndbox>
  </object>
  <object>
    <name>pedestrian</name>
    <bndbox>
      <xmin>844</xmin>
      <ymin>-1</ymin>
      <xmax>876</xmax>
      <ymax>68</ymax>
    </bndbox>
  </object>
  <object>
    <name>pedestrian</name>
    <bndbox>
      <xmin>486</xmin>
      <ymin>12</ymin>
      <xmax>510</xmax>
      <ymax>79</ymax>
    </bndbox>
  </object>
  <object>
    <name>pedestrian</name>
    <bndbox>
      <xmin>464</xmin>
      <ymin>2</ymin>
      <xmax>487</xmax>
      <ymax>66</ymax>
    </bndbox>
  </object>
  <object>
    <name>pedestrian</name>
    <bndbox>
      <xmin>845</xmin>
      <ymin>98</ymin>
      <xmax>884</xmax>
      <ymax>191</ymax>
    </bndbox>
  </object>
  <object>
    <name>pedestrian</name>
    <bndbox>
      <xmin>538</xmin>
      <ymin>6</ymin>
      <xmax>561</xmax>
      <ymax>71</ymax>
    </bndbox>
  </object>
  <object>
    <name>pedestrian</name>
    <bndbox>
      <xmin>751</xmin>
      <ymin>303</ymin>
      <xmax>804</xmax>
      <ymax>448</ymax>
    </bndbox>
  </object>
  <object>
    <name>pedestrian</name>
    <bndbox>
      <xmin>359</xmin>
      <ymin>76</ymin>
      <xmax>390</xmax>
      <ymax>161</ymax>
    </bndbox>
  </object>
  <object>
    <name>pedestrian</name>
    <bndbox>
      <xmin>702</xmin>
      <ymin>334</ymin>
      <xmax>755</xmax>
      <ymax>487</ymax>
    </bndbox>
  </object>
  <object>
    <name>pedestrian</name>
    <bndbox>
      <xmin>366</xmin>
      <ymin>34</ymin>
      <xmax>393</xmax>
      <ymax>106</ymax>
    </bndbox>
  </object>
  <object>
    <name>pedestrian</name>
    <bndbox>
      <xmin>814</xmin>
      <ymin>305</ymin>
      <xmax>870</xmax>
      <ymax>452</ymax>
    </bndbox>
  </object>
  <object>
    <name>pedestrian</name>
    <bndbox>
      <xmin>865</xmin>
      <ymin>310</ymin>
      <xmax>926</xmax>
      <ymax>461</ymax>
    </bndbox>
  </object>
  <object>
    <name>pedestrian</name>
    <bndbox>
      <xmin>486</xmin>
      <ymin>23</ymin>
      <xmax>510</xmax>
      <ymax>93</ymax>
    </bndbox>
  </object>
  <object>
    <name>pedestrian</name>
    <bndbox>
      <xmin>867</xmin>
      <ymin>118</ymin>
      <xmax>910</xmax>
      <ymax>218</ymax>
    </bndbox>
  </object>
  <object>
    <name>pedestrian</name>
    <bndbox>
      <xmin>815</xmin>
      <ymin>352</ymin>
      <xmax>875</xmax>
      <ymax>513</ymax>
    </bndbox>
  </object>
  <object>
    <name>pedestrian</name>
    <bndbox>
      <xmin>907</xmin>
      <ymin>122</ymin>
      <xmax>955</xmax>
      <ymax>223</ymax>
    </bndbox>
  </object>
  <object>
    <name>pedestrian</name>
    <bndbox>
      <xmin>907</xmin>
      <ymin>107</ymin>
      <xmax>954</xmax>
      <ymax>205</ymax>
    </bndbox>
  </object>
</annotation>
