<annotation>
  <filename>3796.jpg</filename>
  <size>
    <width>960</width>
    <height>540</height>
    <depth>3</depth>
  </size>
  <object>
    <name>pedestrian</name>
    <bndbox>
      <xmin>269</xmin>
      <ymin>148</ymin>
      <xmax>308</xmax>
      <ymax>251</ymax>
    </bndbox>
  </object>
  <object>
    <name>pedestrian</name>
    <bndbox>
      <xmin>848</xmin>
      <ymin>-4</ymin>
      <xmax>880</xmax>
      <ymax>65</ymax>
    </bndbox>
  </object>
  <object>
    <name>pedestrian</name>
    <bndbox>
      <xmin>490</xmin>
      <ymin>9</ymin>
      <xmax>513</xmax>
      <ymax>74</ymax>
    </bndbox>
  </object>
  <object>
    <name>pedestrian</name>
    <bndbox>
      <xmin>470</xmin>
      <ymin>1</ymin>
      <xmax>493</xmax>
      <ymax>65</ymax>
    </bndbox>
  </object>
  <object>
    <name>pedestrian</name>
    <bndbox>
      <xmin>850</xmin>
      <ymin>93</ymin>
      <xmax>890</xmax>
      <ymax>186</ymax>
    </bndbox>
  </object>
  <object>
    <name>pedestrian</name>
    <bndbox>
      <xmin>541</xmin>
      <ymin>5</ymin>
      <xmax>563</xmax>
      <ymax>70</ymax>
    </bndbox>
  </object>
  <object>
    <name>pedestrian</name>
    <bndbox>
      <xmin>752</xmin>
      <ymin>314</ymin>
      <xmax>805</xmax>
      <ymax>462</ymax>
    </bndbox>
  </object>
  <object>
    <name>pedestrian</name>
    <bndbox>
      <xmin>359</xmin>
      <ymin>75</ymin>
      <xmax>390</xmax>
      <ymax>158</ymax>
    </bndbox>
  </object>
  <object>
    <name>pedestrian</name>
    <bndbox>
      <xmin>691</xmin>
      <ymin>345</ymin>
      <xmax>746</xmax>
      <ymax>501</ymax>
    </bndbox>
  </object>
  <object>
    <name>pedestrian</name>
    <bndbox>
      <xmin>360</xmin>
      <ymin>35</ymin>
      <xmax>387</xmax>
      <ymax>107</ymax>
    </bndbox>
  </object>
  <object>
    <name>pedestrian</name>
    <bndbox>
      <xmin>815</xmin>
      <ymin>297</ymin>
      <xmax>870</xmax>
      <ymax>442</ymax>
    </bndbox>
  </object>
  <object>
    <name>pedestrian</name>
    <bndbox>
      <xmin>865</xmin>
      <ymin>304</ymin>
      <xmax>925</xmax>
      <ymax>452</ymax>
    </bndbox>
  </object>
  <object>
    <name>pedestrian</name>
    <bndbox>
      <xmin>480</xmin>
      <ymin>27</ymin>
      <xmax>505</xmax>
      <ymax>97</ymax>
    </bndbox>
  </object>
  <object>
    <name>pedestrian</name>
    <bndbox>
      <xmin>862</xmin>
      <ymin>120</ymin>
      <xmax>904</xmax>
      <ymax>219</ymax>
    </bndbox>
  </object>
  <object>
    <name>pedestrian</name>
    <bndbox>
      <xmin>814</xmin>
      <ymin>341</ymin>
      <xmax>874</xmax>
      <ymax>498</ymax>
    </bndbox>
  </object>
  <object>
    <name>pedestrian</name>
    <bndbox>
      <xmin>905</xmin>
      <ymin>125</ymin>
      <xmax>953</xmax>
      <ymax>227</ymax>
    </bndbox>
  </object>
  <object>
    <name>pedestrian</name>
    <bndbox>
      <xmin>906</xmin>
      <ymin>108</ymin>
      <xmax>953</xmax>
      <ymax>206</ymax>
    </bndbox>
  </object>
</annotation>
