<annotation>
  <filename>38.jpg</filename>
  <size>
    <width>960</width>
    <height>540</height>
    <depth>3</depth>
  </size>
  <object>
    <name>pedestrian</name>
    <bndbox>
      <xmin>29</xmin>
      <ymin>187</ymin>
      <xmax>83</xmax>
      <ymax>300</ymax>
    </bndbox>
  </object>
  <object>
    <name>pedestrian</name>
    <bndbox>
      <xmin>215</xmin>
      <ymin>89</ymin>
      <xmax>249</xmax>
      <ymax>176</ymax>
    </bndbox>
  </object>
  <object>
    <name>pedestrian</name>
    <bndbox>
      <xmin>419</xmin>
      <ymin>86</ymin>
      <xmax>450</xmax>
      <ymax>173</ymax>
    </bndbox>
  </object>
  <object>
    <name>pedestrian</name>
    <bndbox>
      <xmin>453</xmin>
      <ymin>93</ymin>
      <xmax>484</xmax>
      <ymax>182</ymax>
    </bndbox>
  </object>
  <object>
    <name>pedestrian</name>
    <bndbox>
      <xmin>358</xmin>
      <ymin>245</ymin>
      <xmax>404</xmax>
      <ymax>375</ymax>
    </bndbox>
  </object>
  <object>
    <name>pedestrian</name>
    <bndbox>
      <xmin>410</xmin>
      <ymin>402</ymin>
      <xmax>467</xmax>
      <ymax>568</ymax>
    </bndbox>
  </object>
  <object>
    <name>pedestrian</name>
    <bndbox>
      <xmin>821</xmin>
      <ymin>375</ymin>
      <xmax>884</xmax>
      <ymax>543</ymax>
    </bndbox>
  </object>
  <object>
    <name>pedestrian</name>
    <bndbox>
      <xmin>823</xmin>
      <ymin>37</ymin>
      <xmax>856</xmax>
      <ymax>114</ymax>
    </bndbox>
  </object>
  <object>
    <name>pedestrian</name>
    <bndbox>
      <xmin>749</xmin>
      <ymin>-2</ymin>
      <xmax>775</xmax>
      <ymax>63</ymax>
    </bndbox>
  </object>
  <object>
    <name>pedestrian</name>
    <bndbox>
      <xmin>486</xmin>
      <ymin>25</ymin>
      <xmax>511</xmax>
      <ymax>95</ymax>
    </bndbox>
  </object>
  <object>
    <name>pedestrian</name>
    <bndbox>
      <xmin>845</xmin>
      <ymin>338</ymin>
      <xmax>906</xmax>
      <ymax>495</ymax>
    </bndbox>
  </object>
</annotation>
