<annotation>
  <filename>3818.jpg</filename>
  <size>
    <width>960</width>
    <height>540</height>
    <depth>3</depth>
  </size>
  <object>
    <name>pedestrian</name>
    <bndbox>
      <xmin>213</xmin>
      <ymin>161</ymin>
      <xmax>255</xmax>
      <ymax>267</ymax>
    </bndbox>
  </object>
  <object>
    <name>pedestrian</name>
    <bndbox>
      <xmin>505</xmin>
      <ymin>5</ymin>
      <xmax>529</xmax>
      <ymax>70</ymax>
    </bndbox>
  </object>
  <object>
    <name>pedestrian</name>
    <bndbox>
      <xmin>484</xmin>
      <ymin>-4</ymin>
      <xmax>506</xmax>
      <ymax>58</ymax>
    </bndbox>
  </object>
  <object>
    <name>pedestrian</name>
    <bndbox>
      <xmin>877</xmin>
      <ymin>82</ymin>
      <xmax>918</xmax>
      <ymax>173</ymax>
    </bndbox>
  </object>
  <object>
    <name>pedestrian</name>
    <bndbox>
      <xmin>559</xmin>
      <ymin>-5</ymin>
      <xmax>581</xmax>
      <ymax>57</ymax>
    </bndbox>
  </object>
  <object>
    <name>pedestrian</name>
    <bndbox>
      <xmin>768</xmin>
      <ymin>353</ymin>
      <xmax>826</xmax>
      <ymax>512</ymax>
    </bndbox>
  </object>
  <object>
    <name>pedestrian</name>
    <bndbox>
      <xmin>363</xmin>
      <ymin>72</ymin>
      <xmax>393</xmax>
      <ymax>155</ymax>
    </bndbox>
  </object>
  <object>
    <name>pedestrian</name>
    <bndbox>
      <xmin>660</xmin>
      <ymin>386</ymin>
      <xmax>717</xmax>
      <ymax>552</ymax>
    </bndbox>
  </object>
  <object>
    <name>pedestrian</name>
    <bndbox>
      <xmin>329</xmin>
      <ymin>47</ymin>
      <xmax>357</xmax>
      <ymax>122</ymax>
    </bndbox>
  </object>
  <object>
    <name>pedestrian</name>
    <bndbox>
      <xmin>834</xmin>
      <ymin>277</ymin>
      <xmax>888</xmax>
      <ymax>416</ymax>
    </bndbox>
  </object>
  <object>
    <name>pedestrian</name>
    <bndbox>
      <xmin>884</xmin>
      <ymin>284</ymin>
      <xmax>944</xmax>
      <ymax>427</ymax>
    </bndbox>
  </object>
  <object>
    <name>pedestrian</name>
    <bndbox>
      <xmin>456</xmin>
      <ymin>35</ymin>
      <xmax>482</xmax>
      <ymax>107</ymax>
    </bndbox>
  </object>
  <object>
    <name>pedestrian</name>
    <bndbox>
      <xmin>837</xmin>
      <ymin>134</ymin>
      <xmax>879</xmax>
      <ymax>236</ymax>
    </bndbox>
  </object>
  <object>
    <name>pedestrian</name>
    <bndbox>
      <xmin>814</xmin>
      <ymin>305</ymin>
      <xmax>870</xmax>
      <ymax>451</ymax>
    </bndbox>
  </object>
  <object>
    <name>pedestrian</name>
    <bndbox>
      <xmin>884</xmin>
      <ymin>134</ymin>
      <xmax>930</xmax>
      <ymax>238</ymax>
    </bndbox>
  </object>
  <object>
    <name>pedestrian</name>
    <bndbox>
      <xmin>902</xmin>
      <ymin>121</ymin>
      <xmax>949</xmax>
      <ymax>222</ymax>
    </bndbox>
  </object>
</annotation>
