<annotation>
  <filename>3837.jpg</filename>
  <size>
    <width>960</width>
    <height>540</height>
    <depth>3</depth>
  </size>
  <object>
    <name>pedestrian</name>
    <bndbox>
      <xmin>165</xmin>
      <ymin>172</ymin>
      <xmax>209</xmax>
      <ymax>280</ymax>
    </bndbox>
  </object>
  <object>
    <name>pedestrian</name>
    <bndbox>
      <xmin>516</xmin>
      <ymin>-1</ymin>
      <xmax>538</xmax>
      <ymax>62</ymax>
    </bndbox>
  </object>
  <object>
    <name>pedestrian</name>
    <bndbox>
      <xmin>898</xmin>
      <ymin>74</ymin>
      <xmax>941</xmax>
      <ymax>164</ymax>
    </bndbox>
  </object>
  <object>
    <name>pedestrian</name>
    <bndbox>
      <xmin>794</xmin>
      <ymin>396</ymin>
      <xmax>857</xmax>
      <ymax>569</ymax>
    </bndbox>
  </object>
  <object>
    <name>pedestrian</name>
    <bndbox>
      <xmin>363</xmin>
      <ymin>72</ymin>
      <xmax>393</xmax>
      <ymax>154</ymax>
    </bndbox>
  </object>
  <object>
    <name>pedestrian</name>
    <bndbox>
      <xmin>626</xmin>
      <ymin>434</ymin>
      <xmax>685</xmax>
      <ymax>612</ymax>
    </bndbox>
  </object>
  <object>
    <name>pedestrian</name>
    <bndbox>
      <xmin>307</xmin>
      <ymin>54</ymin>
      <xmax>336</xmax>
      <ymax>132</ymax>
    </bndbox>
  </object>
  <object>
    <name>pedestrian</name>
    <bndbox>
      <xmin>849</xmin>
      <ymin>259</ymin>
      <xmax>903</xmax>
      <ymax>395</ymax>
    </bndbox>
  </object>
  <object>
    <name>pedestrian</name>
    <bndbox>
      <xmin>435</xmin>
      <ymin>40</ymin>
      <xmax>461</xmax>
      <ymax>114</ymax>
    </bndbox>
  </object>
  <object>
    <name>pedestrian</name>
    <bndbox>
      <xmin>814</xmin>
      <ymin>140</ymin>
      <xmax>855</xmax>
      <ymax>243</ymax>
    </bndbox>
  </object>
  <object>
    <name>pedestrian</name>
    <bndbox>
      <xmin>812</xmin>
      <ymin>278</ymin>
      <xmax>865</xmax>
      <ymax>417</ymax>
    </bndbox>
  </object>
  <object>
    <name>pedestrian</name>
    <bndbox>
      <xmin>866</xmin>
      <ymin>145</ymin>
      <xmax>911</xmax>
      <ymax>251</ymax>
    </bndbox>
  </object>
  <object>
    <name>pedestrian</name>
    <bndbox>
      <xmin>899</xmin>
      <ymin>128</ymin>
      <xmax>946</xmax>
      <ymax>230</ymax>
    </bndbox>
  </object>
</annotation>
