<annotation>
  <filename>391.jpg</filename>
  <size>
    <width>960</width>
    <height>540</height>
    <depth>3</depth>
  </size>
  <object>
    <name>pedestrian</name>
    <bndbox>
      <xmin>771</xmin>
      <ymin>52</ymin>
      <xmax>802</xmax>
      <ymax>132</ymax>
    </bndbox>
  </object>
  <object>
    <name>pedestrian</name>
    <bndbox>
      <xmin>401</xmin>
      <ymin>47</ymin>
      <xmax>429</xmax>
      <ymax>124</ymax>
    </bndbox>
  </object>
  <object>
    <name>pedestrian</name>
    <bndbox>
      <xmin>363</xmin>
      <ymin>73</ymin>
      <xmax>393</xmax>
      <ymax>157</ymax>
    </bndbox>
  </object>
  <object>
    <name>pedestrian</name>
    <bndbox>
      <xmin>554</xmin>
      <ymin>48</ymin>
      <xmax>580</xmax>
      <ymax>125</ymax>
    </bndbox>
  </object>
  <object>
    <name>pedestrian</name>
    <bndbox>
      <xmin>769</xmin>
      <ymin>165</ymin>
      <xmax>809</xmax>
      <ymax>275</ymax>
    </bndbox>
  </object>
  <object>
    <name>pedestrian</name>
    <bndbox>
      <xmin>244</xmin>
      <ymin>124</ymin>
      <xmax>281</xmax>
      <ymax>221</ymax>
    </bndbox>
  </object>
  <object>
    <name>pedestrian</name>
    <bndbox>
      <xmin>805</xmin>
      <ymin>235</ymin>
      <xmax>854</xmax>
      <ymax>363</ymax>
    </bndbox>
  </object>
  <object>
    <name>pedestrian</name>
    <bndbox>
      <xmin>827</xmin>
      <ymin>172</ymin>
      <xmax>872</xmax>
      <ymax>284</ymax>
    </bndbox>
  </object>
  <object>
    <name>pedestrian</name>
    <bndbox>
      <xmin>383</xmin>
      <ymin>196</ymin>
      <xmax>424</xmax>
      <ymax>313</ymax>
    </bndbox>
  </object>
  <object>
    <name>pedestrian</name>
    <bndbox>
      <xmin>841</xmin>
      <ymin>277</ymin>
      <xmax>897</xmax>
      <ymax>417</ymax>
    </bndbox>
  </object>
  <object>
    <name>pedestrian</name>
    <bndbox>
      <xmin>249</xmin>
      <ymin>250</ymin>
      <xmax>298</xmax>
      <ymax>380</ymax>
    </bndbox>
  </object>
  <object>
    <name>pedestrian</name>
    <bndbox>
      <xmin>206</xmin>
      <ymin>253</ymin>
      <xmax>257</xmax>
      <ymax>383</ymax>
    </bndbox>
  </object>
  <object>
    <name>pedestrian</name>
    <bndbox>
      <xmin>764</xmin>
      <ymin>354</ymin>
      <xmax>822</xmax>
      <ymax>513</ymax>
    </bndbox>
  </object>
  <object>
    <name>pedestrian</name>
    <bndbox>
      <xmin>504</xmin>
      <ymin>9</ymin>
      <xmax>527</xmax>
      <ymax>75</ymax>
    </bndbox>
  </object>
</annotation>
