<annotation>
  <filename>3918.jpg</filename>
  <size>
    <width>960</width>
    <height>540</height>
    <depth>3</depth>
  </size>
  <object>
    <name>pedestrian</name>
    <bndbox>
      <xmin>359</xmin>
      <ymin>70</ymin>
      <xmax>389</xmax>
      <ymax>152</ymax>
    </bndbox>
  </object>
  <object>
    <name>pedestrian</name>
    <bndbox>
      <xmin>165</xmin>
      <ymin>105</ymin>
      <xmax>202</xmax>
      <ymax>196</ymax>
    </bndbox>
  </object>
  <object>
    <name>pedestrian</name>
    <bndbox>
      <xmin>330</xmin>
      <ymin>76</ymin>
      <xmax>361</xmax>
      <ymax>159</ymax>
    </bndbox>
  </object>
  <object>
    <name>pedestrian</name>
    <bndbox>
      <xmin>714</xmin>
      <ymin>167</ymin>
      <xmax>752</xmax>
      <ymax>277</ymax>
    </bndbox>
  </object>
  <object>
    <name>pedestrian</name>
    <bndbox>
      <xmin>858</xmin>
      <ymin>200</ymin>
      <xmax>908</xmax>
      <ymax>320</ymax>
    </bndbox>
  </object>
  <object>
    <name>pedestrian</name>
    <bndbox>
      <xmin>756</xmin>
      <ymin>180</ymin>
      <xmax>797</xmax>
      <ymax>293</ymax>
    </bndbox>
  </object>
  <object>
    <name>pedestrian</name>
    <bndbox>
      <xmin>841</xmin>
      <ymin>172</ymin>
      <xmax>887</xmax>
      <ymax>284</ymax>
    </bndbox>
  </object>
  <object>
    <name>pedestrian</name>
    <bndbox>
      <xmin>258</xmin>
      <ymin>298</ymin>
      <xmax>311</xmax>
      <ymax>439</ymax>
    </bndbox>
  </object>
  <object>
    <name>pedestrian</name>
    <bndbox>
      <xmin>544</xmin>
      <ymin>0</ymin>
      <xmax>567</xmax>
      <ymax>64</ymax>
    </bndbox>
  </object>
  <object>
    <name>pedestrian</name>
    <bndbox>
      <xmin>871</xmin>
      <ymin>172</ymin>
      <xmax>919</xmax>
      <ymax>285</ymax>
    </bndbox>
  </object>
  <object>
    <name>pedestrian</name>
    <bndbox>
      <xmin>574</xmin>
      <ymin>-6</ymin>
      <xmax>595</xmax>
      <ymax>56</ymax>
    </bndbox>
  </object>
</annotation>
