<annotation>
  <filename>3943.jpg</filename>
  <size>
    <width>960</width>
    <height>540</height>
    <depth>3</depth>
  </size>
  <object>
    <name>pedestrian</name>
    <bndbox>
      <xmin>359</xmin>
      <ymin>69</ymin>
      <xmax>389</xmax>
      <ymax>150</ymax>
    </bndbox>
  </object>
  <object>
    <name>pedestrian</name>
    <bndbox>
      <xmin>109</xmin>
      <ymin>124</ymin>
      <xmax>151</xmax>
      <ymax>219</ymax>
    </bndbox>
  </object>
  <object>
    <name>pedestrian</name>
    <bndbox>
      <xmin>298</xmin>
      <ymin>88</ymin>
      <xmax>331</xmax>
      <ymax>175</ymax>
    </bndbox>
  </object>
  <object>
    <name>pedestrian</name>
    <bndbox>
      <xmin>699</xmin>
      <ymin>175</ymin>
      <xmax>738</xmax>
      <ymax>287</ymax>
    </bndbox>
  </object>
  <object>
    <name>pedestrian</name>
    <bndbox>
      <xmin>880</xmin>
      <ymin>185</ymin>
      <xmax>930</xmax>
      <ymax>302</ymax>
    </bndbox>
  </object>
  <object>
    <name>pedestrian</name>
    <bndbox>
      <xmin>739</xmin>
      <ymin>181</ymin>
      <xmax>780</xmax>
      <ymax>295</ymax>
    </bndbox>
  </object>
  <object>
    <name>pedestrian</name>
    <bndbox>
      <xmin>813</xmin>
      <ymin>186</ymin>
      <xmax>857</xmax>
      <ymax>301</ymax>
    </bndbox>
  </object>
  <object>
    <name>pedestrian</name>
    <bndbox>
      <xmin>350</xmin>
      <ymin>271</ymin>
      <xmax>399</xmax>
      <ymax>407</ymax>
    </bndbox>
  </object>
  <object>
    <name>pedestrian</name>
    <bndbox>
      <xmin>521</xmin>
      <ymin>7</ymin>
      <xmax>545</xmax>
      <ymax>72</ymax>
    </bndbox>
  </object>
  <object>
    <name>pedestrian</name>
    <bndbox>
      <xmin>844</xmin>
      <ymin>188</ymin>
      <xmax>891</xmax>
      <ymax>304</ymax>
    </bndbox>
  </object>
  <object>
    <name>pedestrian</name>
    <bndbox>
      <xmin>560</xmin>
      <ymin>3</ymin>
      <xmax>582</xmax>
      <ymax>67</ymax>
    </bndbox>
  </object>
  <object>
    <name>pedestrian</name>
    <bndbox>
      <xmin>512</xmin>
      <ymin>0</ymin>
      <xmax>535</xmax>
      <ymax>64</ymax>
    </bndbox>
  </object>
</annotation>
