<annotation>
  <filename>3957.jpg</filename>
  <size>
    <width>960</width>
    <height>540</height>
    <depth>3</depth>
  </size>
  <object>
    <name>pedestrian</name>
    <bndbox>
      <xmin>359</xmin>
      <ymin>69</ymin>
      <xmax>388</xmax>
      <ymax>151</ymax>
    </bndbox>
  </object>
  <object>
    <name>pedestrian</name>
    <bndbox>
      <xmin>71</xmin>
      <ymin>136</ymin>
      <xmax>117</xmax>
      <ymax>234</ymax>
    </bndbox>
  </object>
  <object>
    <name>pedestrian</name>
    <bndbox>
      <xmin>279</xmin>
      <ymin>95</ymin>
      <xmax>313</xmax>
      <ymax>184</ymax>
    </bndbox>
  </object>
  <object>
    <name>pedestrian</name>
    <bndbox>
      <xmin>688</xmin>
      <ymin>177</ymin>
      <xmax>726</xmax>
      <ymax>290</ymax>
    </bndbox>
  </object>
  <object>
    <name>pedestrian</name>
    <bndbox>
      <xmin>738</xmin>
      <ymin>185</ymin>
      <xmax>778</xmax>
      <ymax>300</ymax>
    </bndbox>
  </object>
  <object>
    <name>pedestrian</name>
    <bndbox>
      <xmin>798</xmin>
      <ymin>196</ymin>
      <xmax>842</xmax>
      <ymax>314</ymax>
    </bndbox>
  </object>
  <object>
    <name>pedestrian</name>
    <bndbox>
      <xmin>396</xmin>
      <ymin>260</ymin>
      <xmax>442</xmax>
      <ymax>394</ymax>
    </bndbox>
  </object>
  <object>
    <name>pedestrian</name>
    <bndbox>
      <xmin>507</xmin>
      <ymin>14</ymin>
      <xmax>531</xmax>
      <ymax>82</ymax>
    </bndbox>
  </object>
  <object>
    <name>pedestrian</name>
    <bndbox>
      <xmin>836</xmin>
      <ymin>198</ymin>
      <xmax>883</xmax>
      <ymax>317</ymax>
    </bndbox>
  </object>
  <object>
    <name>pedestrian</name>
    <bndbox>
      <xmin>548</xmin>
      <ymin>11</ymin>
      <xmax>571</xmax>
      <ymax>77</ymax>
    </bndbox>
  </object>
  <object>
    <name>pedestrian</name>
    <bndbox>
      <xmin>501</xmin>
      <ymin>4</ymin>
      <xmax>524</xmax>
      <ymax>69</ymax>
    </bndbox>
  </object>
</annotation>
