<annotation>
  <filename>3978.jpg</filename>
  <size>
    <width>960</width>
    <height>540</height>
    <depth>3</depth>
  </size>
  <object>
    <name>pedestrian</name>
    <bndbox>
      <xmin>360</xmin>
      <ymin>69</ymin>
      <xmax>390</xmax>
      <ymax>151</ymax>
    </bndbox>
  </object>
  <object>
    <name>pedestrian</name>
    <bndbox>
      <xmin>18</xmin>
      <ymin>154</ymin>
      <xmax>70</xmax>
      <ymax>258</ymax>
    </bndbox>
  </object>
  <object>
    <name>pedestrian</name>
    <bndbox>
      <xmin>247</xmin>
      <ymin>106</ymin>
      <xmax>282</xmax>
      <ymax>198</ymax>
    </bndbox>
  </object>
  <object>
    <name>pedestrian</name>
    <bndbox>
      <xmin>688</xmin>
      <ymin>184</ymin>
      <xmax>727</xmax>
      <ymax>298</ymax>
    </bndbox>
  </object>
  <object>
    <name>pedestrian</name>
    <bndbox>
      <xmin>734</xmin>
      <ymin>195</ymin>
      <xmax>776</xmax>
      <ymax>312</ymax>
    </bndbox>
  </object>
  <object>
    <name>pedestrian</name>
    <bndbox>
      <xmin>788</xmin>
      <ymin>215</ymin>
      <xmax>833</xmax>
      <ymax>338</ymax>
    </bndbox>
  </object>
  <object>
    <name>pedestrian</name>
    <bndbox>
      <xmin>456</xmin>
      <ymin>245</ymin>
      <xmax>500</xmax>
      <ymax>376</ymax>
    </bndbox>
  </object>
  <object>
    <name>pedestrian</name>
    <bndbox>
      <xmin>479</xmin>
      <ymin>18</ymin>
      <xmax>504</xmax>
      <ymax>86</ymax>
    </bndbox>
  </object>
  <object>
    <name>pedestrian</name>
    <bndbox>
      <xmin>825</xmin>
      <ymin>217</ymin>
      <xmax>874</xmax>
      <ymax>340</ymax>
    </bndbox>
  </object>
  <object>
    <name>pedestrian</name>
    <bndbox>
      <xmin>524</xmin>
      <ymin>18</ymin>
      <xmax>548</xmax>
      <ymax>87</ymax>
    </bndbox>
  </object>
  <object>
    <name>pedestrian</name>
    <bndbox>
      <xmin>477</xmin>
      <ymin>9</ymin>
      <xmax>500</xmax>
      <ymax>75</ymax>
    </bndbox>
  </object>
  <object>
    <name>pedestrian</name>
    <bndbox>
      <xmin>51</xmin>
      <ymin>199</ymin>
      <xmax>105</xmax>
      <ymax>315</ymax>
    </bndbox>
  </object>
  <object>
    <name>pedestrian</name>
    <bndbox>
      <xmin>47</xmin>
      <ymin>309</ymin>
      <xmax>112</xmax>
      <ymax>453</ymax>
    </bndbox>
  </object>
</annotation>
