<annotation>
  <filename>3979.jpg</filename>
  <size>
    <width>960</width>
    <height>540</height>
    <depth>3</depth>
  </size>
  <object>
    <name>pedestrian</name>
    <bndbox>
      <xmin>360</xmin>
      <ymin>69</ymin>
      <xmax>390</xmax>
      <ymax>152</ymax>
    </bndbox>
  </object>
  <object>
    <name>pedestrian</name>
    <bndbox>
      <xmin>15</xmin>
      <ymin>154</ymin>
      <xmax>68</xmax>
      <ymax>258</ymax>
    </bndbox>
  </object>
  <object>
    <name>pedestrian</name>
    <bndbox>
      <xmin>246</xmin>
      <ymin>108</ymin>
      <xmax>281</xmax>
      <ymax>199</ymax>
    </bndbox>
  </object>
  <object>
    <name>pedestrian</name>
    <bndbox>
      <xmin>688</xmin>
      <ymin>184</ymin>
      <xmax>727</xmax>
      <ymax>299</ymax>
    </bndbox>
  </object>
  <object>
    <name>pedestrian</name>
    <bndbox>
      <xmin>733</xmin>
      <ymin>195</ymin>
      <xmax>775</xmax>
      <ymax>312</ymax>
    </bndbox>
  </object>
  <object>
    <name>pedestrian</name>
    <bndbox>
      <xmin>787</xmin>
      <ymin>216</ymin>
      <xmax>833</xmax>
      <ymax>340</ymax>
    </bndbox>
  </object>
  <object>
    <name>pedestrian</name>
    <bndbox>
      <xmin>459</xmin>
      <ymin>244</ymin>
      <xmax>502</xmax>
      <ymax>375</ymax>
    </bndbox>
  </object>
  <object>
    <name>pedestrian</name>
    <bndbox>
      <xmin>478</xmin>
      <ymin>18</ymin>
      <xmax>503</xmax>
      <ymax>86</ymax>
    </bndbox>
  </object>
  <object>
    <name>pedestrian</name>
    <bndbox>
      <xmin>825</xmin>
      <ymin>217</ymin>
      <xmax>873</xmax>
      <ymax>341</ymax>
    </bndbox>
  </object>
  <object>
    <name>pedestrian</name>
    <bndbox>
      <xmin>523</xmin>
      <ymin>19</ymin>
      <xmax>547</xmax>
      <ymax>88</ymax>
    </bndbox>
  </object>
  <object>
    <name>pedestrian</name>
    <bndbox>
      <xmin>476</xmin>
      <ymin>9</ymin>
      <xmax>499</xmax>
      <ymax>75</ymax>
    </bndbox>
  </object>
  <object>
    <name>pedestrian</name>
    <bndbox>
      <xmin>54</xmin>
      <ymin>198</ymin>
      <xmax>107</xmax>
      <ymax>313</ymax>
    </bndbox>
  </object>
  <object>
    <name>pedestrian</name>
    <bndbox>
      <xmin>50</xmin>
      <ymin>307</ymin>
      <xmax>114</xmax>
      <ymax>451</ymax>
    </bndbox>
  </object>
</annotation>
