<annotation>
  <filename>4033.jpg</filename>
  <size>
    <width>960</width>
    <height>540</height>
    <depth>3</depth>
  </size>
  <object>
    <name>pedestrian</name>
    <bndbox>
      <xmin>359</xmin>
      <ymin>73</ymin>
      <xmax>389</xmax>
      <ymax>156</ymax>
    </bndbox>
  </object>
  <object>
    <name>pedestrian</name>
    <bndbox>
      <xmin>141</xmin>
      <ymin>144</ymin>
      <xmax>184</xmax>
      <ymax>245</ymax>
    </bndbox>
  </object>
  <object>
    <name>pedestrian</name>
    <bndbox>
      <xmin>654</xmin>
      <ymin>207</ymin>
      <xmax>694</xmax>
      <ymax>328</ymax>
    </bndbox>
  </object>
  <object>
    <name>pedestrian</name>
    <bndbox>
      <xmin>685</xmin>
      <ymin>227</ymin>
      <xmax>728</xmax>
      <ymax>353</ymax>
    </bndbox>
  </object>
  <object>
    <name>pedestrian</name>
    <bndbox>
      <xmin>761</xmin>
      <ymin>272</ymin>
      <xmax>811</xmax>
      <ymax>409</ymax>
    </bndbox>
  </object>
  <object>
    <name>pedestrian</name>
    <bndbox>
      <xmin>554</xmin>
      <ymin>211</ymin>
      <xmax>593</xmax>
      <ymax>333</ymax>
    </bndbox>
  </object>
  <object>
    <name>pedestrian</name>
    <bndbox>
      <xmin>426</xmin>
      <ymin>36</ymin>
      <xmax>452</xmax>
      <ymax>109</ymax>
    </bndbox>
  </object>
  <object>
    <name>pedestrian</name>
    <bndbox>
      <xmin>811</xmin>
      <ymin>275</ymin>
      <xmax>864</xmax>
      <ymax>414</ymax>
    </bndbox>
  </object>
  <object>
    <name>pedestrian</name>
    <bndbox>
      <xmin>429</xmin>
      <ymin>42</ymin>
      <xmax>456</xmax>
      <ymax>117</ymax>
    </bndbox>
  </object>
  <object>
    <name>pedestrian</name>
    <bndbox>
      <xmin>187</xmin>
      <ymin>137</ymin>
      <xmax>227</xmax>
      <ymax>236</ymax>
    </bndbox>
  </object>
  <object>
    <name>pedestrian</name>
    <bndbox>
      <xmin>205</xmin>
      <ymin>229</ymin>
      <xmax>253</xmax>
      <ymax>352</ymax>
    </bndbox>
  </object>
  <object>
    <name>pedestrian</name>
    <bndbox>
      <xmin>876</xmin>
      <ymin>121</ymin>
      <xmax>920</xmax>
      <ymax>221</ymax>
    </bndbox>
  </object>
  <object>
    <name>pedestrian</name>
    <bndbox>
      <xmin>618</xmin>
      <ymin>1</ymin>
      <xmax>640</xmax>
      <ymax>66</ymax>
    </bndbox>
  </object>
  <object>
    <name>pedestrian</name>
    <bndbox>
      <xmin>417</xmin>
      <ymin>28</ymin>
      <xmax>443</xmax>
      <ymax>99</ymax>
    </bndbox>
  </object>
</annotation>
