<annotation>
  <filename>4056.jpg</filename>
  <size>
    <width>960</width>
    <height>540</height>
    <depth>3</depth>
  </size>
  <object>
    <name>pedestrian</name>
    <bndbox>
      <xmin>358</xmin>
      <ymin>74</ymin>
      <xmax>389</xmax>
      <ymax>158</ymax>
    </bndbox>
  </object>
  <object>
    <name>pedestrian</name>
    <bndbox>
      <xmin>90</xmin>
      <ymin>164</ymin>
      <xmax>138</xmax>
      <ymax>269</ymax>
    </bndbox>
  </object>
  <object>
    <name>pedestrian</name>
    <bndbox>
      <xmin>629</xmin>
      <ymin>222</ymin>
      <xmax>671</xmax>
      <ymax>347</ymax>
    </bndbox>
  </object>
  <object>
    <name>pedestrian</name>
    <bndbox>
      <xmin>654</xmin>
      <ymin>239</ymin>
      <xmax>697</xmax>
      <ymax>368</ymax>
    </bndbox>
  </object>
  <object>
    <name>pedestrian</name>
    <bndbox>
      <xmin>746</xmin>
      <ymin>301</ymin>
      <xmax>799</xmax>
      <ymax>446</ymax>
    </bndbox>
  </object>
  <object>
    <name>pedestrian</name>
    <bndbox>
      <xmin>572</xmin>
      <ymin>204</ymin>
      <xmax>610</xmax>
      <ymax>324</ymax>
    </bndbox>
  </object>
  <object>
    <name>pedestrian</name>
    <bndbox>
      <xmin>405</xmin>
      <ymin>44</ymin>
      <xmax>432</xmax>
      <ymax>120</ymax>
    </bndbox>
  </object>
  <object>
    <name>pedestrian</name>
    <bndbox>
      <xmin>794</xmin>
      <ymin>300</ymin>
      <xmax>848</xmax>
      <ymax>445</ymax>
    </bndbox>
  </object>
  <object>
    <name>pedestrian</name>
    <bndbox>
      <xmin>389</xmin>
      <ymin>53</ymin>
      <xmax>417</xmax>
      <ymax>131</ymax>
    </bndbox>
  </object>
  <object>
    <name>pedestrian</name>
    <bndbox>
      <xmin>229</xmin>
      <ymin>116</ymin>
      <xmax>265</xmax>
      <ymax>210</ymax>
    </bndbox>
  </object>
  <object>
    <name>pedestrian</name>
    <bndbox>
      <xmin>258</xmin>
      <ymin>202</ymin>
      <xmax>302</xmax>
      <ymax>319</ymax>
    </bndbox>
  </object>
  <object>
    <name>pedestrian</name>
    <bndbox>
      <xmin>872</xmin>
      <ymin>106</ymin>
      <xmax>915</xmax>
      <ymax>202</ymax>
    </bndbox>
  </object>
  <object>
    <name>pedestrian</name>
    <bndbox>
      <xmin>601</xmin>
      <ymin>7</ymin>
      <xmax>624</xmax>
      <ymax>73</ymax>
    </bndbox>
  </object>
  <object>
    <name>pedestrian</name>
    <bndbox>
      <xmin>388</xmin>
      <ymin>36</ymin>
      <xmax>415</xmax>
      <ymax>109</ymax>
    </bndbox>
  </object>
</annotation>
