<annotation>
  <filename>4096.jpg</filename>
  <size>
    <width>960</width>
    <height>540</height>
    <depth>3</depth>
  </size>
  <object>
    <name>pedestrian</name>
    <bndbox>
      <xmin>360</xmin>
      <ymin>72</ymin>
      <xmax>391</xmax>
      <ymax>154</ymax>
    </bndbox>
  </object>
  <object>
    <name>pedestrian</name>
    <bndbox>
      <xmin>-13</xmin>
      <ymin>195</ymin>
      <xmax>47</xmax>
      <ymax>311</ymax>
    </bndbox>
  </object>
  <object>
    <name>pedestrian</name>
    <bndbox>
      <xmin>551</xmin>
      <ymin>243</ymin>
      <xmax>592</xmax>
      <ymax>374</ymax>
    </bndbox>
  </object>
  <object>
    <name>pedestrian</name>
    <bndbox>
      <xmin>585</xmin>
      <ymin>261</ymin>
      <xmax>629</xmax>
      <ymax>396</ymax>
    </bndbox>
  </object>
  <object>
    <name>pedestrian</name>
    <bndbox>
      <xmin>706</xmin>
      <ymin>355</ymin>
      <xmax>762</xmax>
      <ymax>513</ymax>
    </bndbox>
  </object>
  <object>
    <name>pedestrian</name>
    <bndbox>
      <xmin>576</xmin>
      <ymin>203</ymin>
      <xmax>614</xmax>
      <ymax>323</ymax>
    </bndbox>
  </object>
  <object>
    <name>pedestrian</name>
    <bndbox>
      <xmin>359</xmin>
      <ymin>63</ymin>
      <xmax>388</xmax>
      <ymax>143</ymax>
    </bndbox>
  </object>
  <object>
    <name>pedestrian</name>
    <bndbox>
      <xmin>754</xmin>
      <ymin>355</ymin>
      <xmax>811</xmax>
      <ymax>515</ymax>
    </bndbox>
  </object>
  <object>
    <name>pedestrian</name>
    <bndbox>
      <xmin>304</xmin>
      <ymin>73</ymin>
      <xmax>334</xmax>
      <ymax>155</ymax>
    </bndbox>
  </object>
  <object>
    <name>pedestrian</name>
    <bndbox>
      <xmin>292</xmin>
      <ymin>88</ymin>
      <xmax>324</xmax>
      <ymax>174</ymax>
    </bndbox>
  </object>
  <object>
    <name>pedestrian</name>
    <bndbox>
      <xmin>329</xmin>
      <ymin>160</ymin>
      <xmax>367</xmax>
      <ymax>267</ymax>
    </bndbox>
  </object>
  <object>
    <name>pedestrian</name>
    <bndbox>
      <xmin>852</xmin>
      <ymin>82</ymin>
      <xmax>890</xmax>
      <ymax>172</ymax>
    </bndbox>
  </object>
  <object>
    <name>pedestrian</name>
    <bndbox>
      <xmin>571</xmin>
      <ymin>21</ymin>
      <xmax>595</xmax>
      <ymax>91</ymax>
    </bndbox>
  </object>
  <object>
    <name>pedestrian</name>
    <bndbox>
      <xmin>341</xmin>
      <ymin>53</ymin>
      <xmax>369</xmax>
      <ymax>130</ymax>
    </bndbox>
  </object>
  <object>
    <name>pedestrian</name>
    <bndbox>
      <xmin>85</xmin>
      <ymin>418</ymin>
      <xmax>158</xmax>
      <ymax>596</ymax>
    </bndbox>
  </object>
  <object>
    <name>pedestrian</name>
    <bndbox>
      <xmin>703</xmin>
      <ymin>473</ymin>
      <xmax>768</xmax>
      <ymax>669</ymax>
    </bndbox>
  </object>
  <object>
    <name>pedestrian</name>
    <bndbox>
      <xmin>883</xmin>
      <ymin>107</ymin>
      <xmax>926</xmax>
      <ymax>203</ymax>
    </bndbox>
  </object>
  <object>
    <name>pedestrian</name>
    <bndbox>
      <xmin>737</xmin>
      <ymin>497</ymin>
      <xmax>803</xmax>
      <ymax>708</ymax>
    </bndbox>
  </object>
</annotation>
