<annotation>
  <filename>4119.jpg</filename>
  <size>
    <width>960</width>
    <height>540</height>
    <depth>3</depth>
  </size>
  <object>
    <name>pedestrian</name>
    <bndbox>
      <xmin>366</xmin>
      <ymin>74</ymin>
      <xmax>396</xmax>
      <ymax>157</ymax>
    </bndbox>
  </object>
  <object>
    <name>pedestrian</name>
    <bndbox>
      <xmin>499</xmin>
      <ymin>250</ymin>
      <xmax>541</xmax>
      <ymax>382</ymax>
    </bndbox>
  </object>
  <object>
    <name>pedestrian</name>
    <bndbox>
      <xmin>540</xmin>
      <ymin>283</ymin>
      <xmax>584</xmax>
      <ymax>423</ymax>
    </bndbox>
  </object>
  <object>
    <name>pedestrian</name>
    <bndbox>
      <xmin>670</xmin>
      <ymin>392</ymin>
      <xmax>728</xmax>
      <ymax>560</ymax>
    </bndbox>
  </object>
  <object>
    <name>pedestrian</name>
    <bndbox>
      <xmin>578</xmin>
      <ymin>203</ymin>
      <xmax>616</xmax>
      <ymax>323</ymax>
    </bndbox>
  </object>
  <object>
    <name>pedestrian</name>
    <bndbox>
      <xmin>718</xmin>
      <ymin>391</ymin>
      <xmax>777</xmax>
      <ymax>560</ymax>
    </bndbox>
  </object>
  <object>
    <name>pedestrian</name>
    <bndbox>
      <xmin>252</xmin>
      <ymin>87</ymin>
      <xmax>285</xmax>
      <ymax>173</ymax>
    </bndbox>
  </object>
  <object>
    <name>pedestrian</name>
    <bndbox>
      <xmin>327</xmin>
      <ymin>74</ymin>
      <xmax>358</xmax>
      <ymax>157</ymax>
    </bndbox>
  </object>
  <object>
    <name>pedestrian</name>
    <bndbox>
      <xmin>361</xmin>
      <ymin>138</ymin>
      <xmax>397</xmax>
      <ymax>240</ymax>
    </bndbox>
  </object>
  <object>
    <name>pedestrian</name>
    <bndbox>
      <xmin>837</xmin>
      <ymin>69</ymin>
      <xmax>873</xmax>
      <ymax>154</ymax>
    </bndbox>
  </object>
  <object>
    <name>pedestrian</name>
    <bndbox>
      <xmin>548</xmin>
      <ymin>32</ymin>
      <xmax>573</xmax>
      <ymax>105</ymax>
    </bndbox>
  </object>
  <object>
    <name>pedestrian</name>
    <bndbox>
      <xmin>304</xmin>
      <ymin>66</ymin>
      <xmax>334</xmax>
      <ymax>147</ymax>
    </bndbox>
  </object>
  <object>
    <name>pedestrian</name>
    <bndbox>
      <xmin>150</xmin>
      <ymin>370</ymin>
      <xmax>215</xmax>
      <ymax>530</ymax>
    </bndbox>
  </object>
  <object>
    <name>pedestrian</name>
    <bndbox>
      <xmin>743</xmin>
      <ymin>437</ymin>
      <xmax>806</xmax>
      <ymax>622</ymax>
    </bndbox>
  </object>
  <object>
    <name>pedestrian</name>
    <bndbox>
      <xmin>860</xmin>
      <ymin>93</ymin>
      <xmax>900</xmax>
      <ymax>186</ymax>
    </bndbox>
  </object>
  <object>
    <name>pedestrian</name>
    <bndbox>
      <xmin>778</xmin>
      <ymin>459</ymin>
      <xmax>843</xmax>
      <ymax>657</ymax>
    </bndbox>
  </object>
  <object>
    <name>pedestrian</name>
    <bndbox>
      <xmin>481</xmin>
      <ymin>0</ymin>
      <xmax>504</xmax>
      <ymax>63</ymax>
    </bndbox>
  </object>
  <object>
    <name>pedestrian</name>
    <bndbox>
      <xmin>-6</xmin>
      <ymin>219</ymin>
      <xmax>55</xmax>
      <ymax>340</ymax>
    </bndbox>
  </object>
  <object>
    <name>pedestrian</name>
    <bndbox>
      <xmin>907</xmin>
      <ymin>70</ymin>
      <xmax>950</xmax>
      <ymax>159</ymax>
    </bndbox>
  </object>
</annotation>
