<annotation>
  <filename>4130.jpg</filename>
  <size>
    <width>960</width>
    <height>540</height>
    <depth>3</depth>
  </size>
  <object>
    <name>pedestrian</name>
    <bndbox>
      <xmin>367</xmin>
      <ymin>74</ymin>
      <xmax>397</xmax>
      <ymax>157</ymax>
    </bndbox>
  </object>
  <object>
    <name>pedestrian</name>
    <bndbox>
      <xmin>471</xmin>
      <ymin>251</ymin>
      <xmax>515</xmax>
      <ymax>384</ymax>
    </bndbox>
  </object>
  <object>
    <name>pedestrian</name>
    <bndbox>
      <xmin>522</xmin>
      <ymin>288</ymin>
      <xmax>566</xmax>
      <ymax>429</ymax>
    </bndbox>
  </object>
  <object>
    <name>pedestrian</name>
    <bndbox>
      <xmin>652</xmin>
      <ymin>412</ymin>
      <xmax>711</xmax>
      <ymax>584</ymax>
    </bndbox>
  </object>
  <object>
    <name>pedestrian</name>
    <bndbox>
      <xmin>579</xmin>
      <ymin>204</ymin>
      <xmax>617</xmax>
      <ymax>324</ymax>
    </bndbox>
  </object>
  <object>
    <name>pedestrian</name>
    <bndbox>
      <xmin>703</xmin>
      <ymin>412</ymin>
      <xmax>763</xmax>
      <ymax>586</ymax>
    </bndbox>
  </object>
  <object>
    <name>pedestrian</name>
    <bndbox>
      <xmin>229</xmin>
      <ymin>95</ymin>
      <xmax>264</xmax>
      <ymax>182</ymax>
    </bndbox>
  </object>
  <object>
    <name>pedestrian</name>
    <bndbox>
      <xmin>347</xmin>
      <ymin>66</ymin>
      <xmax>376</xmax>
      <ymax>147</ymax>
    </bndbox>
  </object>
  <object>
    <name>pedestrian</name>
    <bndbox>
      <xmin>379</xmin>
      <ymin>128</ymin>
      <xmax>414</xmax>
      <ymax>228</ymax>
    </bndbox>
  </object>
  <object>
    <name>pedestrian</name>
    <bndbox>
      <xmin>831</xmin>
      <ymin>63</ymin>
      <xmax>866</xmax>
      <ymax>147</ymax>
    </bndbox>
  </object>
  <object>
    <name>pedestrian</name>
    <bndbox>
      <xmin>538</xmin>
      <ymin>38</ymin>
      <xmax>563</xmax>
      <ymax>112</ymax>
    </bndbox>
  </object>
  <object>
    <name>pedestrian</name>
    <bndbox>
      <xmin>287</xmin>
      <ymin>72</ymin>
      <xmax>318</xmax>
      <ymax>154</ymax>
    </bndbox>
  </object>
  <object>
    <name>pedestrian</name>
    <bndbox>
      <xmin>179</xmin>
      <ymin>350</ymin>
      <xmax>241</xmax>
      <ymax>504</ymax>
    </bndbox>
  </object>
  <object>
    <name>pedestrian</name>
    <bndbox>
      <xmin>749</xmin>
      <ymin>422</ymin>
      <xmax>812</xmax>
      <ymax>603</ymax>
    </bndbox>
  </object>
  <object>
    <name>pedestrian</name>
    <bndbox>
      <xmin>857</xmin>
      <ymin>87</ymin>
      <xmax>897</xmax>
      <ymax>178</ymax>
    </bndbox>
  </object>
  <object>
    <name>pedestrian</name>
    <bndbox>
      <xmin>782</xmin>
      <ymin>445</ymin>
      <xmax>847</xmax>
      <ymax>636</ymax>
    </bndbox>
  </object>
  <object>
    <name>pedestrian</name>
    <bndbox>
      <xmin>471</xmin>
      <ymin>4</ymin>
      <xmax>495</xmax>
      <ymax>69</ymax>
    </bndbox>
  </object>
  <object>
    <name>pedestrian</name>
    <bndbox>
      <xmin>28</xmin>
      <ymin>208</ymin>
      <xmax>84</xmax>
      <ymax>326</ymax>
    </bndbox>
  </object>
  <object>
    <name>pedestrian</name>
    <bndbox>
      <xmin>899</xmin>
      <ymin>73</ymin>
      <xmax>942</xmax>
      <ymax>163</ymax>
    </bndbox>
  </object>
  <object>
    <name>pedestrian</name>
    <bndbox>
      <xmin>306</xmin>
      <ymin>80</ymin>
      <xmax>337</xmax>
      <ymax>164</ymax>
    </bndbox>
  </object>
</annotation>
