<annotation>
  <filename>4202.jpg</filename>
  <size>
    <width>960</width>
    <height>540</height>
    <depth>3</depth>
  </size>
  <object>
    <name>pedestrian</name>
    <bndbox>
      <xmin>364</xmin>
      <ymin>74</ymin>
      <xmax>395</xmax>
      <ymax>158</ymax>
    </bndbox>
  </object>
  <object>
    <name>pedestrian</name>
    <bndbox>
      <xmin>281</xmin>
      <ymin>290</ymin>
      <xmax>334</xmax>
      <ymax>430</ymax>
    </bndbox>
  </object>
  <object>
    <name>pedestrian</name>
    <bndbox>
      <xmin>318</xmin>
      <ymin>316</ymin>
      <xmax>371</xmax>
      <ymax>463</ymax>
    </bndbox>
  </object>
  <object>
    <name>pedestrian</name>
    <bndbox>
      <xmin>569</xmin>
      <ymin>204</ymin>
      <xmax>607</xmax>
      <ymax>325</ymax>
    </bndbox>
  </object>
  <object>
    <name>pedestrian</name>
    <bndbox>
      <xmin>53</xmin>
      <ymin>156</ymin>
      <xmax>102</xmax>
      <ymax>260</ymax>
    </bndbox>
  </object>
  <object>
    <name>pedestrian</name>
    <bndbox>
      <xmin>449</xmin>
      <ymin>28</ymin>
      <xmax>474</xmax>
      <ymax>99</ymax>
    </bndbox>
  </object>
  <object>
    <name>pedestrian</name>
    <bndbox>
      <xmin>493</xmin>
      <ymin>88</ymin>
      <xmax>523</xmax>
      <ymax>177</ymax>
    </bndbox>
  </object>
  <object>
    <name>pedestrian</name>
    <bndbox>
      <xmin>827</xmin>
      <ymin>32</ymin>
      <xmax>859</xmax>
      <ymax>108</ymax>
    </bndbox>
  </object>
  <object>
    <name>pedestrian</name>
    <bndbox>
      <xmin>459</xmin>
      <ymin>75</ymin>
      <xmax>489</xmax>
      <ymax>160</ymax>
    </bndbox>
  </object>
  <object>
    <name>pedestrian</name>
    <bndbox>
      <xmin>172</xmin>
      <ymin>113</ymin>
      <xmax>210</xmax>
      <ymax>206</ymax>
    </bndbox>
  </object>
  <object>
    <name>pedestrian</name>
    <bndbox>
      <xmin>299</xmin>
      <ymin>238</ymin>
      <xmax>346</xmax>
      <ymax>365</ymax>
    </bndbox>
  </object>
  <object>
    <name>pedestrian</name>
    <bndbox>
      <xmin>776</xmin>
      <ymin>340</ymin>
      <xmax>833</xmax>
      <ymax>495</ymax>
    </bndbox>
  </object>
  <object>
    <name>pedestrian</name>
    <bndbox>
      <xmin>826</xmin>
      <ymin>354</ymin>
      <xmax>887</xmax>
      <ymax>515</ymax>
    </bndbox>
  </object>
  <object>
    <name>pedestrian</name>
    <bndbox>
      <xmin>381</xmin>
      <ymin>34</ymin>
      <xmax>408</xmax>
      <ymax>107</ymax>
    </bndbox>
  </object>
  <object>
    <name>pedestrian</name>
    <bndbox>
      <xmin>196</xmin>
      <ymin>137</ymin>
      <xmax>235</xmax>
      <ymax>236</ymax>
    </bndbox>
  </object>
  <object>
    <name>pedestrian</name>
    <bndbox>
      <xmin>863</xmin>
      <ymin>113</ymin>
      <xmax>905</xmax>
      <ymax>211</ymax>
    </bndbox>
  </object>
  <object>
    <name>pedestrian</name>
    <bndbox>
      <xmin>166</xmin>
      <ymin>128</ymin>
      <xmax>206</xmax>
      <ymax>225</ymax>
    </bndbox>
  </object>
  <object>
    <name>pedestrian</name>
    <bndbox>
      <xmin>906</xmin>
      <ymin>81</ymin>
      <xmax>951</xmax>
      <ymax>173</ymax>
    </bndbox>
  </object>
  <object>
    <name>pedestrian</name>
    <bndbox>
      <xmin>10</xmin>
      <ymin>266</ymin>
      <xmax>74</xmax>
      <ymax>399</ymax>
    </bndbox>
  </object>
</annotation>
