<annotation>
  <filename>421.jpg</filename>
  <size>
    <width>960</width>
    <height>540</height>
    <depth>3</depth>
  </size>
  <object>
    <name>pedestrian</name>
    <bndbox>
      <xmin>784</xmin>
      <ymin>40</ymin>
      <xmax>814</xmax>
      <ymax>117</ymax>
    </bndbox>
  </object>
  <object>
    <name>pedestrian</name>
    <bndbox>
      <xmin>437</xmin>
      <ymin>36</ymin>
      <xmax>464</xmax>
      <ymax>109</ymax>
    </bndbox>
  </object>
  <object>
    <name>pedestrian</name>
    <bndbox>
      <xmin>406</xmin>
      <ymin>64</ymin>
      <xmax>435</xmax>
      <ymax>145</ymax>
    </bndbox>
  </object>
  <object>
    <name>pedestrian</name>
    <bndbox>
      <xmin>525</xmin>
      <ymin>60</ymin>
      <xmax>553</xmax>
      <ymax>141</ymax>
    </bndbox>
  </object>
  <object>
    <name>pedestrian</name>
    <bndbox>
      <xmin>817</xmin>
      <ymin>135</ymin>
      <xmax>857</xmax>
      <ymax>237</ymax>
    </bndbox>
  </object>
  <object>
    <name>pedestrian</name>
    <bndbox>
      <xmin>291</xmin>
      <ymin>102</ymin>
      <xmax>324</xmax>
      <ymax>193</ymax>
    </bndbox>
  </object>
  <object>
    <name>pedestrian</name>
    <bndbox>
      <xmin>778</xmin>
      <ymin>268</ymin>
      <xmax>828</xmax>
      <ymax>404</ymax>
    </bndbox>
  </object>
  <object>
    <name>pedestrian</name>
    <bndbox>
      <xmin>805</xmin>
      <ymin>201</ymin>
      <xmax>851</xmax>
      <ymax>321</ymax>
    </bndbox>
  </object>
  <object>
    <name>pedestrian</name>
    <bndbox>
      <xmin>436</xmin>
      <ymin>172</ymin>
      <xmax>474</xmax>
      <ymax>283</ymax>
    </bndbox>
  </object>
  <object>
    <name>pedestrian</name>
    <bndbox>
      <xmin>866</xmin>
      <ymin>235</ymin>
      <xmax>920</xmax>
      <ymax>364</ymax>
    </bndbox>
  </object>
  <object>
    <name>pedestrian</name>
    <bndbox>
      <xmin>318</xmin>
      <ymin>215</ymin>
      <xmax>362</xmax>
      <ymax>337</ymax>
    </bndbox>
  </object>
  <object>
    <name>pedestrian</name>
    <bndbox>
      <xmin>262</xmin>
      <ymin>216</ymin>
      <xmax>308</xmax>
      <ymax>337</ymax>
    </bndbox>
  </object>
  <object>
    <name>pedestrian</name>
    <bndbox>
      <xmin>816</xmin>
      <ymin>298</ymin>
      <xmax>871</xmax>
      <ymax>443</ymax>
    </bndbox>
  </object>
  <object>
    <name>pedestrian</name>
    <bndbox>
      <xmin>471</xmin>
      <ymin>16</ymin>
      <xmax>495</xmax>
      <ymax>84</ymax>
    </bndbox>
  </object>
  <object>
    <name>pedestrian</name>
    <bndbox>
      <xmin>83</xmin>
      <ymin>242</ymin>
      <xmax>138</xmax>
      <ymax>369</ymax>
    </bndbox>
  </object>
  <object>
    <name>pedestrian</name>
    <bndbox>
      <xmin>42</xmin>
      <ymin>215</ymin>
      <xmax>98</xmax>
      <ymax>335</ymax>
    </bndbox>
  </object>
  <object>
    <name>pedestrian</name>
    <bndbox>
      <xmin>21</xmin>
      <ymin>200</ymin>
      <xmax>78</xmax>
      <ymax>316</ymax>
    </bndbox>
  </object>
</annotation>
