<annotation>
  <filename>4310.jpg</filename>
  <size>
    <width>960</width>
    <height>540</height>
    <depth>3</depth>
  </size>
  <object>
    <name>pedestrian</name>
    <bndbox>
      <xmin>422</xmin>
      <ymin>55</ymin>
      <xmax>450</xmax>
      <ymax>134</ymax>
    </bndbox>
  </object>
  <object>
    <name>pedestrian</name>
    <bndbox>
      <xmin>576</xmin>
      <ymin>202</ymin>
      <xmax>614</xmax>
      <ymax>323</ymax>
    </bndbox>
  </object>
  <object>
    <name>pedestrian</name>
    <bndbox>
      <xmin>595</xmin>
      <ymin>32</ymin>
      <xmax>619</xmax>
      <ymax>105</ymax>
    </bndbox>
  </object>
  <object>
    <name>pedestrian</name>
    <bndbox>
      <xmin>895</xmin>
      <ymin>-7</ymin>
      <xmax>931</xmax>
      <ymax>64</ymax>
    </bndbox>
  </object>
  <object>
    <name>pedestrian</name>
    <bndbox>
      <xmin>284</xmin>
      <ymin>165</ymin>
      <xmax>324</xmax>
      <ymax>273</ymax>
    </bndbox>
  </object>
  <object>
    <name>pedestrian</name>
    <bndbox>
      <xmin>449</xmin>
      <ymin>130</ymin>
      <xmax>483</xmax>
      <ymax>230</ymax>
    </bndbox>
  </object>
  <object>
    <name>pedestrian</name>
    <bndbox>
      <xmin>871</xmin>
      <ymin>240</ymin>
      <xmax>925</xmax>
      <ymax>371</ymax>
    </bndbox>
  </object>
  <object>
    <name>pedestrian</name>
    <bndbox>
      <xmin>891</xmin>
      <ymin>248</ymin>
      <xmax>948</xmax>
      <ymax>381</ymax>
    </bndbox>
  </object>
  <object>
    <name>pedestrian</name>
    <bndbox>
      <xmin>200</xmin>
      <ymin>92</ymin>
      <xmax>235</xmax>
      <ymax>178</ymax>
    </bndbox>
  </object>
  <object>
    <name>pedestrian</name>
    <bndbox>
      <xmin>357</xmin>
      <ymin>65</ymin>
      <xmax>387</xmax>
      <ymax>146</ymax>
    </bndbox>
  </object>
  <object>
    <name>pedestrian</name>
    <bndbox>
      <xmin>745</xmin>
      <ymin>217</ymin>
      <xmax>789</xmax>
      <ymax>340</ymax>
    </bndbox>
  </object>
  <object>
    <name>pedestrian</name>
    <bndbox>
      <xmin>852</xmin>
      <ymin>143</ymin>
      <xmax>896</xmax>
      <ymax>248</ymax>
    </bndbox>
  </object>
  <object>
    <name>pedestrian</name>
    <bndbox>
      <xmin>213</xmin>
      <ymin>138</ymin>
      <xmax>252</xmax>
      <ymax>238</ymax>
    </bndbox>
  </object>
  <object>
    <name>pedestrian</name>
    <bndbox>
      <xmin>210</xmin>
      <ymin>119</ymin>
      <xmax>247</xmax>
      <ymax>213</ymax>
    </bndbox>
  </object>
  <object>
    <name>pedestrian</name>
    <bndbox>
      <xmin>101</xmin>
      <ymin>187</ymin>
      <xmax>150</xmax>
      <ymax>299</ymax>
    </bndbox>
  </object>
  <object>
    <name>pedestrian</name>
    <bndbox>
      <xmin>609</xmin>
      <ymin>16</ymin>
      <xmax>632</xmax>
      <ymax>84</ymax>
    </bndbox>
  </object>
  <object>
    <name>pedestrian</name>
    <bndbox>
      <xmin>13</xmin>
      <ymin>226</ymin>
      <xmax>72</xmax>
      <ymax>348</ymax>
    </bndbox>
  </object>
</annotation>
