<annotation>
  <filename>4323.jpg</filename>
  <size>
    <width>960</width>
    <height>540</height>
    <depth>3</depth>
  </size>
  <object>
    <name>pedestrian</name>
    <bndbox>
      <xmin>436</xmin>
      <ymin>49</ymin>
      <xmax>463</xmax>
      <ymax>125</ymax>
    </bndbox>
  </object>
  <object>
    <name>pedestrian</name>
    <bndbox>
      <xmin>572</xmin>
      <ymin>201</ymin>
      <xmax>609</xmax>
      <ymax>321</ymax>
    </bndbox>
  </object>
  <object>
    <name>pedestrian</name>
    <bndbox>
      <xmin>597</xmin>
      <ymin>28</ymin>
      <xmax>621</xmax>
      <ymax>100</ymax>
    </bndbox>
  </object>
  <object>
    <name>pedestrian</name>
    <bndbox>
      <xmin>255</xmin>
      <ymin>176</ymin>
      <xmax>296</xmax>
      <ymax>287</ymax>
    </bndbox>
  </object>
  <object>
    <name>pedestrian</name>
    <bndbox>
      <xmin>462</xmin>
      <ymin>120</ymin>
      <xmax>495</xmax>
      <ymax>218</ymax>
    </bndbox>
  </object>
  <object>
    <name>pedestrian</name>
    <bndbox>
      <xmin>884</xmin>
      <ymin>232</ymin>
      <xmax>939</xmax>
      <ymax>361</ymax>
    </bndbox>
  </object>
  <object>
    <name>pedestrian</name>
    <bndbox>
      <xmin>900</xmin>
      <ymin>237</ymin>
      <xmax>957</xmax>
      <ymax>368</ymax>
    </bndbox>
  </object>
  <object>
    <name>pedestrian</name>
    <bndbox>
      <xmin>174</xmin>
      <ymin>103</ymin>
      <xmax>211</xmax>
      <ymax>192</ymax>
    </bndbox>
  </object>
  <object>
    <name>pedestrian</name>
    <bndbox>
      <xmin>372</xmin>
      <ymin>58</ymin>
      <xmax>400</xmax>
      <ymax>136</ymax>
    </bndbox>
  </object>
  <object>
    <name>pedestrian</name>
    <bndbox>
      <xmin>731</xmin>
      <ymin>234</ymin>
      <xmax>776</xmax>
      <ymax>361</ymax>
    </bndbox>
  </object>
  <object>
    <name>pedestrian</name>
    <bndbox>
      <xmin>848</xmin>
      <ymin>149</ymin>
      <xmax>892</xmax>
      <ymax>255</ymax>
    </bndbox>
  </object>
  <object>
    <name>pedestrian</name>
    <bndbox>
      <xmin>233</xmin>
      <ymin>127</ymin>
      <xmax>270</xmax>
      <ymax>224</ymax>
    </bndbox>
  </object>
  <object>
    <name>pedestrian</name>
    <bndbox>
      <xmin>233</xmin>
      <ymin>109</ymin>
      <xmax>269</xmax>
      <ymax>200</ymax>
    </bndbox>
  </object>
  <object>
    <name>pedestrian</name>
    <bndbox>
      <xmin>126</xmin>
      <ymin>175</ymin>
      <xmax>172</xmax>
      <ymax>284</ymax>
    </bndbox>
  </object>
  <object>
    <name>pedestrian</name>
    <bndbox>
      <xmin>597</xmin>
      <ymin>20</ymin>
      <xmax>620</xmax>
      <ymax>90</ymax>
    </bndbox>
  </object>
  <object>
    <name>pedestrian</name>
    <bndbox>
      <xmin>44</xmin>
      <ymin>210</ymin>
      <xmax>100</xmax>
      <ymax>329</ymax>
    </bndbox>
  </object>
</annotation>
