<annotation>
  <filename>4367.jpg</filename>
  <size>
    <width>960</width>
    <height>540</height>
    <depth>3</depth>
  </size>
  <object>
    <name>pedestrian</name>
    <bndbox>
      <xmin>486</xmin>
      <ymin>27</ymin>
      <xmax>511</xmax>
      <ymax>98</ymax>
    </bndbox>
  </object>
  <object>
    <name>pedestrian</name>
    <bndbox>
      <xmin>564</xmin>
      <ymin>203</ymin>
      <xmax>602</xmax>
      <ymax>324</ymax>
    </bndbox>
  </object>
  <object>
    <name>pedestrian</name>
    <bndbox>
      <xmin>613</xmin>
      <ymin>8</ymin>
      <xmax>636</xmax>
      <ymax>74</ymax>
    </bndbox>
  </object>
  <object>
    <name>pedestrian</name>
    <bndbox>
      <xmin>149</xmin>
      <ymin>233</ymin>
      <xmax>200</xmax>
      <ymax>357</ymax>
    </bndbox>
  </object>
  <object>
    <name>pedestrian</name>
    <bndbox>
      <xmin>514</xmin>
      <ymin>93</ymin>
      <xmax>544</xmax>
      <ymax>183</ymax>
    </bndbox>
  </object>
  <object>
    <name>pedestrian</name>
    <bndbox>
      <xmin>76</xmin>
      <ymin>136</ymin>
      <xmax>122</xmax>
      <ymax>235</ymax>
    </bndbox>
  </object>
  <object>
    <name>pedestrian</name>
    <bndbox>
      <xmin>420</xmin>
      <ymin>38</ymin>
      <xmax>446</xmax>
      <ymax>111</ymax>
    </bndbox>
  </object>
  <object>
    <name>pedestrian</name>
    <bndbox>
      <xmin>702</xmin>
      <ymin>300</ymin>
      <xmax>752</xmax>
      <ymax>444</ymax>
    </bndbox>
  </object>
  <object>
    <name>pedestrian</name>
    <bndbox>
      <xmin>845</xmin>
      <ymin>145</ymin>
      <xmax>889</xmax>
      <ymax>251</ymax>
    </bndbox>
  </object>
  <object>
    <name>pedestrian</name>
    <bndbox>
      <xmin>294</xmin>
      <ymin>97</ymin>
      <xmax>327</xmax>
      <ymax>186</ymax>
    </bndbox>
  </object>
  <object>
    <name>pedestrian</name>
    <bndbox>
      <xmin>310</xmin>
      <ymin>79</ymin>
      <xmax>342</xmax>
      <ymax>163</ymax>
    </bndbox>
  </object>
  <object>
    <name>pedestrian</name>
    <bndbox>
      <xmin>202</xmin>
      <ymin>138</ymin>
      <xmax>241</xmax>
      <ymax>237</ymax>
    </bndbox>
  </object>
  <object>
    <name>pedestrian</name>
    <bndbox>
      <xmin>558</xmin>
      <ymin>41</ymin>
      <xmax>583</xmax>
      <ymax>115</ymax>
    </bndbox>
  </object>
  <object>
    <name>pedestrian</name>
    <bndbox>
      <xmin>136</xmin>
      <ymin>166</ymin>
      <xmax>181</xmax>
      <ymax>273</ymax>
    </bndbox>
  </object>
  <object>
    <name>pedestrian</name>
    <bndbox>
      <xmin>59</xmin>
      <ymin>173</ymin>
      <xmax>109</xmax>
      <ymax>282</ymax>
    </bndbox>
  </object>
</annotation>
