<annotation>
  <filename>437.jpg</filename>
  <size>
    <width>960</width>
    <height>540</height>
    <depth>3</depth>
  </size>
  <object>
    <name>pedestrian</name>
    <bndbox>
      <xmin>788</xmin>
      <ymin>32</ymin>
      <xmax>818</xmax>
      <ymax>107</ymax>
    </bndbox>
  </object>
  <object>
    <name>pedestrian</name>
    <bndbox>
      <xmin>458</xmin>
      <ymin>30</ymin>
      <xmax>484</xmax>
      <ymax>101</ymax>
    </bndbox>
  </object>
  <object>
    <name>pedestrian</name>
    <bndbox>
      <xmin>437</xmin>
      <ymin>62</ymin>
      <xmax>466</xmax>
      <ymax>142</ymax>
    </bndbox>
  </object>
  <object>
    <name>pedestrian</name>
    <bndbox>
      <xmin>507</xmin>
      <ymin>67</ymin>
      <xmax>535</xmax>
      <ymax>149</ymax>
    </bndbox>
  </object>
  <object>
    <name>pedestrian</name>
    <bndbox>
      <xmin>840</xmin>
      <ymin>120</ymin>
      <xmax>880</xmax>
      <ymax>219</ymax>
    </bndbox>
  </object>
  <object>
    <name>pedestrian</name>
    <bndbox>
      <xmin>320</xmin>
      <ymin>93</ymin>
      <xmax>353</xmax>
      <ymax>181</ymax>
    </bndbox>
  </object>
  <object>
    <name>pedestrian</name>
    <bndbox>
      <xmin>763</xmin>
      <ymin>288</ymin>
      <xmax>815</xmax>
      <ymax>430</ymax>
    </bndbox>
  </object>
  <object>
    <name>pedestrian</name>
    <bndbox>
      <xmin>795</xmin>
      <ymin>217</ymin>
      <xmax>841</xmax>
      <ymax>341</ymax>
    </bndbox>
  </object>
  <object>
    <name>pedestrian</name>
    <bndbox>
      <xmin>465</xmin>
      <ymin>157</ymin>
      <xmax>501</xmax>
      <ymax>265</ymax>
    </bndbox>
  </object>
  <object>
    <name>pedestrian</name>
    <bndbox>
      <xmin>881</xmin>
      <ymin>216</ymin>
      <xmax>935</xmax>
      <ymax>340</ymax>
    </bndbox>
  </object>
  <object>
    <name>pedestrian</name>
    <bndbox>
      <xmin>352</xmin>
      <ymin>199</ymin>
      <xmax>393</xmax>
      <ymax>317</ymax>
    </bndbox>
  </object>
  <object>
    <name>pedestrian</name>
    <bndbox>
      <xmin>295</xmin>
      <ymin>202</ymin>
      <xmax>338</xmax>
      <ymax>320</ymax>
    </bndbox>
  </object>
  <object>
    <name>pedestrian</name>
    <bndbox>
      <xmin>838</xmin>
      <ymin>275</ymin>
      <xmax>893</xmax>
      <ymax>414</ymax>
    </bndbox>
  </object>
  <object>
    <name>pedestrian</name>
    <bndbox>
      <xmin>453</xmin>
      <ymin>22</ymin>
      <xmax>478</xmax>
      <ymax>92</ymax>
    </bndbox>
  </object>
  <object>
    <name>pedestrian</name>
    <bndbox>
      <xmin>131</xmin>
      <ymin>221</ymin>
      <xmax>181</xmax>
      <ymax>342</ymax>
    </bndbox>
  </object>
  <object>
    <name>pedestrian</name>
    <bndbox>
      <xmin>77</xmin>
      <ymin>203</ymin>
      <xmax>129</xmax>
      <ymax>319</ymax>
    </bndbox>
  </object>
  <object>
    <name>pedestrian</name>
    <bndbox>
      <xmin>56</xmin>
      <ymin>187</ymin>
      <xmax>108</xmax>
      <ymax>298</ymax>
    </bndbox>
  </object>
  <object>
    <name>pedestrian</name>
    <bndbox>
      <xmin>3</xmin>
      <ymin>190</ymin>
      <xmax>60</xmax>
      <ymax>303</ymax>
    </bndbox>
  </object>
  <object>
    <name>pedestrian</name>
    <bndbox>
      <xmin>678</xmin>
      <ymin>-1</ymin>
      <xmax>701</xmax>
      <ymax>64</ymax>
    </bndbox>
  </object>
  <object>
    <name>pedestrian</name>
    <bndbox>
      <xmin>529</xmin>
      <ymin>0</ymin>
      <xmax>551</xmax>
      <ymax>63</ymax>
    </bndbox>
  </object>
</annotation>
