<annotation>
  <filename>4374.jpg</filename>
  <size>
    <width>960</width>
    <height>540</height>
    <depth>3</depth>
  </size>
  <object>
    <name>pedestrian</name>
    <bndbox>
      <xmin>490</xmin>
      <ymin>25</ymin>
      <xmax>515</xmax>
      <ymax>96</ymax>
    </bndbox>
  </object>
  <object>
    <name>pedestrian</name>
    <bndbox>
      <xmin>567</xmin>
      <ymin>203</ymin>
      <xmax>605</xmax>
      <ymax>323</ymax>
    </bndbox>
  </object>
  <object>
    <name>pedestrian</name>
    <bndbox>
      <xmin>614</xmin>
      <ymin>6</ymin>
      <xmax>636</xmax>
      <ymax>71</ymax>
    </bndbox>
  </object>
  <object>
    <name>pedestrian</name>
    <bndbox>
      <xmin>131</xmin>
      <ymin>239</ymin>
      <xmax>183</xmax>
      <ymax>365</ymax>
    </bndbox>
  </object>
  <object>
    <name>pedestrian</name>
    <bndbox>
      <xmin>522</xmin>
      <ymin>89</ymin>
      <xmax>552</xmax>
      <ymax>178</ymax>
    </bndbox>
  </object>
  <object>
    <name>pedestrian</name>
    <bndbox>
      <xmin>60</xmin>
      <ymin>140</ymin>
      <xmax>107</xmax>
      <ymax>240</ymax>
    </bndbox>
  </object>
  <object>
    <name>pedestrian</name>
    <bndbox>
      <xmin>426</xmin>
      <ymin>34</ymin>
      <xmax>452</xmax>
      <ymax>107</ymax>
    </bndbox>
  </object>
  <object>
    <name>pedestrian</name>
    <bndbox>
      <xmin>695</xmin>
      <ymin>308</ymin>
      <xmax>746</xmax>
      <ymax>455</ymax>
    </bndbox>
  </object>
  <object>
    <name>pedestrian</name>
    <bndbox>
      <xmin>856</xmin>
      <ymin>141</ymin>
      <xmax>900</xmax>
      <ymax>245</ymax>
    </bndbox>
  </object>
  <object>
    <name>pedestrian</name>
    <bndbox>
      <xmin>306</xmin>
      <ymin>91</ymin>
      <xmax>339</xmax>
      <ymax>178</ymax>
    </bndbox>
  </object>
  <object>
    <name>pedestrian</name>
    <bndbox>
      <xmin>318</xmin>
      <ymin>77</ymin>
      <xmax>349</xmax>
      <ymax>160</ymax>
    </bndbox>
  </object>
  <object>
    <name>pedestrian</name>
    <bndbox>
      <xmin>214</xmin>
      <ymin>133</ymin>
      <xmax>252</xmax>
      <ymax>232</ymax>
    </bndbox>
  </object>
  <object>
    <name>pedestrian</name>
    <bndbox>
      <xmin>551</xmin>
      <ymin>44</ymin>
      <xmax>577</xmax>
      <ymax>121</ymax>
    </bndbox>
  </object>
  <object>
    <name>pedestrian</name>
    <bndbox>
      <xmin>149</xmin>
      <ymin>158</ymin>
      <xmax>192</xmax>
      <ymax>263</ymax>
    </bndbox>
  </object>
  <object>
    <name>pedestrian</name>
    <bndbox>
      <xmin>74</xmin>
      <ymin>161</ymin>
      <xmax>122</xmax>
      <ymax>267</ymax>
    </bndbox>
  </object>
</annotation>
