<annotation>
  <filename>4466.jpg</filename>
  <size>
    <width>960</width>
    <height>540</height>
    <depth>3</depth>
  </size>
  <object>
    <name>pedestrian</name>
    <bndbox>
      <xmin>575</xmin>
      <ymin>204</ymin>
      <xmax>613</xmax>
      <ymax>324</ymax>
    </bndbox>
  </object>
  <object>
    <name>pedestrian</name>
    <bndbox>
      <xmin>600</xmin>
      <ymin>44</ymin>
      <xmax>625</xmax>
      <ymax>120</ymax>
    </bndbox>
  </object>
  <object>
    <name>pedestrian</name>
    <bndbox>
      <xmin>510</xmin>
      <ymin>-2</ymin>
      <xmax>532</xmax>
      <ymax>61</ymax>
    </bndbox>
  </object>
  <object>
    <name>pedestrian</name>
    <bndbox>
      <xmin>492</xmin>
      <ymin>492</ymin>
      <xmax>552</xmax>
      <ymax>685</ymax>
    </bndbox>
  </object>
  <object>
    <name>pedestrian</name>
    <bndbox>
      <xmin>910</xmin>
      <ymin>94</ymin>
      <xmax>956</xmax>
      <ymax>189</ymax>
    </bndbox>
  </object>
  <object>
    <name>pedestrian</name>
    <bndbox>
      <xmin>445</xmin>
      <ymin>43</ymin>
      <xmax>472</xmax>
      <ymax>118</ymax>
    </bndbox>
  </object>
  <object>
    <name>pedestrian</name>
    <bndbox>
      <xmin>437</xmin>
      <ymin>29</ymin>
      <xmax>463</xmax>
      <ymax>101</ymax>
    </bndbox>
  </object>
  <object>
    <name>pedestrian</name>
    <bndbox>
      <xmin>348</xmin>
      <ymin>75</ymin>
      <xmax>378</xmax>
      <ymax>159</ymax>
    </bndbox>
  </object>
  <object>
    <name>pedestrian</name>
    <bndbox>
      <xmin>444</xmin>
      <ymin>96</ymin>
      <xmax>475</xmax>
      <ymax>187</ymax>
    </bndbox>
  </object>
  <object>
    <name>pedestrian</name>
    <bndbox>
      <xmin>294</xmin>
      <ymin>93</ymin>
      <xmax>327</xmax>
      <ymax>181</ymax>
    </bndbox>
  </object>
  <object>
    <name>pedestrian</name>
    <bndbox>
      <xmin>251</xmin>
      <ymin>82</ymin>
      <xmax>284</xmax>
      <ymax>167</ymax>
    </bndbox>
  </object>
  <object>
    <name>pedestrian</name>
    <bndbox>
      <xmin>177</xmin>
      <ymin>153</ymin>
      <xmax>219</xmax>
      <ymax>256</ymax>
    </bndbox>
  </object>
  <object>
    <name>pedestrian</name>
    <bndbox>
      <xmin>727</xmin>
      <ymin>315</ymin>
      <xmax>780</xmax>
      <ymax>464</ymax>
    </bndbox>
  </object>
  <object>
    <name>pedestrian</name>
    <bndbox>
      <xmin>502</xmin>
      <ymin>323</ymin>
      <xmax>549</xmax>
      <ymax>473</ymax>
    </bndbox>
  </object>
  <object>
    <name>pedestrian</name>
    <bndbox>
      <xmin>144</xmin>
      <ymin>215</ymin>
      <xmax>193</xmax>
      <ymax>334</ymax>
    </bndbox>
  </object>
  <object>
    <name>pedestrian</name>
    <bndbox>
      <xmin>775</xmin>
      <ymin>5</ymin>
      <xmax>803</xmax>
      <ymax>73</ymax>
    </bndbox>
  </object>
</annotation>
