<annotation>
  <filename>532.jpg</filename>
  <size>
    <width>960</width>
    <height>540</height>
    <depth>3</depth>
  </size>
  <object>
    <name>pedestrian</name>
    <bndbox>
      <xmin>811</xmin>
      <ymin>-2</ymin>
      <xmax>839</xmax>
      <ymax>66</ymax>
    </bndbox>
  </object>
  <object>
    <name>pedestrian</name>
    <bndbox>
      <xmin>653</xmin>
      <ymin>67</ymin>
      <xmax>681</xmax>
      <ymax>149</ymax>
    </bndbox>
  </object>
  <object>
    <name>pedestrian</name>
    <bndbox>
      <xmin>406</xmin>
      <ymin>114</ymin>
      <xmax>439</xmax>
      <ymax>209</ymax>
    </bndbox>
  </object>
  <object>
    <name>pedestrian</name>
    <bndbox>
      <xmin>459</xmin>
      <ymin>46</ymin>
      <xmax>486</xmax>
      <ymax>122</ymax>
    </bndbox>
  </object>
  <object>
    <name>pedestrian</name>
    <bndbox>
      <xmin>720</xmin>
      <ymin>446</ymin>
      <xmax>783</xmax>
      <ymax>633</ymax>
    </bndbox>
  </object>
  <object>
    <name>pedestrian</name>
    <bndbox>
      <xmin>733</xmin>
      <ymin>350</ymin>
      <xmax>789</xmax>
      <ymax>508</ymax>
    </bndbox>
  </object>
  <object>
    <name>pedestrian</name>
    <bndbox>
      <xmin>603</xmin>
      <ymin>100</ymin>
      <xmax>633</xmax>
      <ymax>192</ymax>
    </bndbox>
  </object>
  <object>
    <name>pedestrian</name>
    <bndbox>
      <xmin>506</xmin>
      <ymin>121</ymin>
      <xmax>539</xmax>
      <ymax>218</ymax>
    </bndbox>
  </object>
  <object>
    <name>pedestrian</name>
    <bndbox>
      <xmin>464</xmin>
      <ymin>123</ymin>
      <xmax>497</xmax>
      <ymax>222</ymax>
    </bndbox>
  </object>
  <object>
    <name>pedestrian</name>
    <bndbox>
      <xmin>866</xmin>
      <ymin>144</ymin>
      <xmax>911</xmax>
      <ymax>250</ymax>
    </bndbox>
  </object>
  <object>
    <name>pedestrian</name>
    <bndbox>
      <xmin>341</xmin>
      <ymin>51</ymin>
      <xmax>369</xmax>
      <ymax>127</ymax>
    </bndbox>
  </object>
  <object>
    <name>pedestrian</name>
    <bndbox>
      <xmin>341</xmin>
      <ymin>119</ymin>
      <xmax>375</xmax>
      <ymax>215</ymax>
    </bndbox>
  </object>
  <object>
    <name>pedestrian</name>
    <bndbox>
      <xmin>221</xmin>
      <ymin>134</ymin>
      <xmax>259</xmax>
      <ymax>233</ymax>
    </bndbox>
  </object>
  <object>
    <name>pedestrian</name>
    <bndbox>
      <xmin>203</xmin>
      <ymin>122</ymin>
      <xmax>240</xmax>
      <ymax>218</ymax>
    </bndbox>
  </object>
  <object>
    <name>pedestrian</name>
    <bndbox>
      <xmin>154</xmin>
      <ymin>126</ymin>
      <xmax>194</xmax>
      <ymax>222</ymax>
    </bndbox>
  </object>
  <object>
    <name>pedestrian</name>
    <bndbox>
      <xmin>743</xmin>
      <ymin>19</ymin>
      <xmax>770</xmax>
      <ymax>89</ymax>
    </bndbox>
  </object>
  <object>
    <name>pedestrian</name>
    <bndbox>
      <xmin>434</xmin>
      <ymin>32</ymin>
      <xmax>460</xmax>
      <ymax>104</ymax>
    </bndbox>
  </object>
  <object>
    <name>pedestrian</name>
    <bndbox>
      <xmin>122</xmin>
      <ymin>119</ymin>
      <xmax>163</xmax>
      <ymax>213</ymax>
    </bndbox>
  </object>
  <object>
    <name>pedestrian</name>
    <bndbox>
      <xmin>848</xmin>
      <ymin>5</ymin>
      <xmax>880</xmax>
      <ymax>76</ymax>
    </bndbox>
  </object>
  <object>
    <name>pedestrian</name>
    <bndbox>
      <xmin>524</xmin>
      <ymin>1</ymin>
      <xmax>547</xmax>
      <ymax>64</ymax>
    </bndbox>
  </object>
</annotation>
