<annotation>
  <filename>608.jpg</filename>
  <size>
    <width>960</width>
    <height>540</height>
    <depth>3</depth>
  </size>
  <object>
    <name>pedestrian</name>
    <bndbox>
      <xmin>800</xmin>
      <ymin>80</ymin>
      <xmax>834</xmax>
      <ymax>168</ymax>
    </bndbox>
  </object>
  <object>
    <name>pedestrian</name>
    <bndbox>
      <xmin>259</xmin>
      <ymin>157</ymin>
      <xmax>299</xmax>
      <ymax>262</ymax>
    </bndbox>
  </object>
  <object>
    <name>pedestrian</name>
    <bndbox>
      <xmin>565</xmin>
      <ymin>16</ymin>
      <xmax>588</xmax>
      <ymax>85</ymax>
    </bndbox>
  </object>
  <object>
    <name>pedestrian</name>
    <bndbox>
      <xmin>808</xmin>
      <ymin>496</ymin>
      <xmax>880</xmax>
      <ymax>716</ymax>
    </bndbox>
  </object>
  <object>
    <name>pedestrian</name>
    <bndbox>
      <xmin>675</xmin>
      <ymin>64</ymin>
      <xmax>703</xmax>
      <ymax>146</ymax>
    </bndbox>
  </object>
  <object>
    <name>pedestrian</name>
    <bndbox>
      <xmin>588</xmin>
      <ymin>71</ymin>
      <xmax>616</xmax>
      <ymax>155</ymax>
    </bndbox>
  </object>
  <object>
    <name>pedestrian</name>
    <bndbox>
      <xmin>554</xmin>
      <ymin>77</ymin>
      <xmax>582</xmax>
      <ymax>162</ymax>
    </bndbox>
  </object>
  <object>
    <name>pedestrian</name>
    <bndbox>
      <xmin>877</xmin>
      <ymin>84</ymin>
      <xmax>918</xmax>
      <ymax>175</ymax>
    </bndbox>
  </object>
  <object>
    <name>pedestrian</name>
    <bndbox>
      <xmin>245</xmin>
      <ymin>85</ymin>
      <xmax>278</xmax>
      <ymax>171</ymax>
    </bndbox>
  </object>
  <object>
    <name>pedestrian</name>
    <bndbox>
      <xmin>457</xmin>
      <ymin>67</ymin>
      <xmax>486</xmax>
      <ymax>150</ymax>
    </bndbox>
  </object>
  <object>
    <name>pedestrian</name>
    <bndbox>
      <xmin>315</xmin>
      <ymin>93</ymin>
      <xmax>348</xmax>
      <ymax>181</ymax>
    </bndbox>
  </object>
  <object>
    <name>pedestrian</name>
    <bndbox>
      <xmin>295</xmin>
      <ymin>83</ymin>
      <xmax>327</xmax>
      <ymax>169</ymax>
    </bndbox>
  </object>
  <object>
    <name>pedestrian</name>
    <bndbox>
      <xmin>269</xmin>
      <ymin>92</ymin>
      <xmax>303</xmax>
      <ymax>179</ymax>
    </bndbox>
  </object>
  <object>
    <name>pedestrian</name>
    <bndbox>
      <xmin>790</xmin>
      <ymin>48</ymin>
      <xmax>821</xmax>
      <ymax>127</ymax>
    </bndbox>
  </object>
  <object>
    <name>pedestrian</name>
    <bndbox>
      <xmin>329</xmin>
      <ymin>62</ymin>
      <xmax>358</xmax>
      <ymax>142</ymax>
    </bndbox>
  </object>
  <object>
    <name>pedestrian</name>
    <bndbox>
      <xmin>249</xmin>
      <ymin>88</ymin>
      <xmax>283</xmax>
      <ymax>174</ymax>
    </bndbox>
  </object>
  <object>
    <name>pedestrian</name>
    <bndbox>
      <xmin>779</xmin>
      <ymin>34</ymin>
      <xmax>809</xmax>
      <ymax>109</ymax>
    </bndbox>
  </object>
  <object>
    <name>pedestrian</name>
    <bndbox>
      <xmin>440</xmin>
      <ymin>29</ymin>
      <xmax>466</xmax>
      <ymax>100</ymax>
    </bndbox>
  </object>
  <object>
    <name>pedestrian</name>
    <bndbox>
      <xmin>577</xmin>
      <ymin>-3</ymin>
      <xmax>598</xmax>
      <ymax>60</ymax>
    </bndbox>
  </object>
</annotation>
