<annotation>
  <filename>626.jpg</filename>
  <size>
    <width>960</width>
    <height>540</height>
    <depth>3</depth>
  </size>
  <object>
    <name>pedestrian</name>
    <bndbox>
      <xmin>833</xmin>
      <ymin>83</ymin>
      <xmax>870</xmax>
      <ymax>173</ymax>
    </bndbox>
  </object>
  <object>
    <name>pedestrian</name>
    <bndbox>
      <xmin>215</xmin>
      <ymin>167</ymin>
      <xmax>256</xmax>
      <ymax>274</ymax>
    </bndbox>
  </object>
  <object>
    <name>pedestrian</name>
    <bndbox>
      <xmin>585</xmin>
      <ymin>7</ymin>
      <xmax>608</xmax>
      <ymax>73</ymax>
    </bndbox>
  </object>
  <object>
    <name>pedestrian</name>
    <bndbox>
      <xmin>808</xmin>
      <ymin>496</ymin>
      <xmax>880</xmax>
      <ymax>717</ymax>
    </bndbox>
  </object>
  <object>
    <name>pedestrian</name>
    <bndbox>
      <xmin>691</xmin>
      <ymin>56</ymin>
      <xmax>718</xmax>
      <ymax>135</ymax>
    </bndbox>
  </object>
  <object>
    <name>pedestrian</name>
    <bndbox>
      <xmin>609</xmin>
      <ymin>63</ymin>
      <xmax>636</xmax>
      <ymax>145</ymax>
    </bndbox>
  </object>
  <object>
    <name>pedestrian</name>
    <bndbox>
      <xmin>573</xmin>
      <ymin>65</ymin>
      <xmax>600</xmax>
      <ymax>147</ymax>
    </bndbox>
  </object>
  <object>
    <name>pedestrian</name>
    <bndbox>
      <xmin>867</xmin>
      <ymin>71</ymin>
      <xmax>907</xmax>
      <ymax>158</ymax>
    </bndbox>
  </object>
  <object>
    <name>pedestrian</name>
    <bndbox>
      <xmin>222</xmin>
      <ymin>92</ymin>
      <xmax>256</xmax>
      <ymax>179</ymax>
    </bndbox>
  </object>
  <object>
    <name>pedestrian</name>
    <bndbox>
      <xmin>476</xmin>
      <ymin>53</ymin>
      <xmax>504</xmax>
      <ymax>131</ymax>
    </bndbox>
  </object>
  <object>
    <name>pedestrian</name>
    <bndbox>
      <xmin>337</xmin>
      <ymin>85</ymin>
      <xmax>369</xmax>
      <ymax>171</ymax>
    </bndbox>
  </object>
  <object>
    <name>pedestrian</name>
    <bndbox>
      <xmin>319</xmin>
      <ymin>76</ymin>
      <xmax>350</xmax>
      <ymax>160</ymax>
    </bndbox>
  </object>
  <object>
    <name>pedestrian</name>
    <bndbox>
      <xmin>295</xmin>
      <ymin>86</ymin>
      <xmax>328</xmax>
      <ymax>173</ymax>
    </bndbox>
  </object>
  <object>
    <name>pedestrian</name>
    <bndbox>
      <xmin>803</xmin>
      <ymin>54</ymin>
      <xmax>835</xmax>
      <ymax>135</ymax>
    </bndbox>
  </object>
  <object>
    <name>pedestrian</name>
    <bndbox>
      <xmin>299</xmin>
      <ymin>71</ymin>
      <xmax>330</xmax>
      <ymax>153</ymax>
    </bndbox>
  </object>
  <object>
    <name>pedestrian</name>
    <bndbox>
      <xmin>275</xmin>
      <ymin>79</ymin>
      <xmax>307</xmax>
      <ymax>163</ymax>
    </bndbox>
  </object>
  <object>
    <name>pedestrian</name>
    <bndbox>
      <xmin>765</xmin>
      <ymin>40</ymin>
      <xmax>794</xmax>
      <ymax>116</ymax>
    </bndbox>
  </object>
  <object>
    <name>pedestrian</name>
    <bndbox>
      <xmin>410</xmin>
      <ymin>39</ymin>
      <xmax>437</xmax>
      <ymax>113</ymax>
    </bndbox>
  </object>
  <object>
    <name>pedestrian</name>
    <bndbox>
      <xmin>558</xmin>
      <ymin>4</ymin>
      <xmax>580</xmax>
      <ymax>69</ymax>
    </bndbox>
  </object>
  <object>
    <name>pedestrian</name>
    <bndbox>
      <xmin>542</xmin>
      <ymin>28</ymin>
      <xmax>567</xmax>
      <ymax>99</ymax>
    </bndbox>
  </object>
</annotation>
