<annotation>
  <filename>672.jpg</filename>
  <size>
    <width>960</width>
    <height>540</height>
    <depth>3</depth>
  </size>
  <object>
    <name>pedestrian</name>
    <bndbox>
      <xmin>904</xmin>
      <ymin>95</ymin>
      <xmax>949</xmax>
      <ymax>190</ymax>
    </bndbox>
  </object>
  <object>
    <name>pedestrian</name>
    <bndbox>
      <xmin>104</xmin>
      <ymin>203</ymin>
      <xmax>154</xmax>
      <ymax>319</ymax>
    </bndbox>
  </object>
  <object>
    <name>pedestrian</name>
    <bndbox>
      <xmin>638</xmin>
      <ymin>-5</ymin>
      <xmax>660</xmax>
      <ymax>58</ymax>
    </bndbox>
  </object>
  <object>
    <name>pedestrian</name>
    <bndbox>
      <xmin>738</xmin>
      <ymin>40</ymin>
      <xmax>766</xmax>
      <ymax>116</ymax>
    </bndbox>
  </object>
  <object>
    <name>pedestrian</name>
    <bndbox>
      <xmin>646</xmin>
      <ymin>44</ymin>
      <xmax>672</xmax>
      <ymax>120</ymax>
    </bndbox>
  </object>
  <object>
    <name>pedestrian</name>
    <bndbox>
      <xmin>614</xmin>
      <ymin>46</ymin>
      <xmax>639</xmax>
      <ymax>122</ymax>
    </bndbox>
  </object>
  <object>
    <name>pedestrian</name>
    <bndbox>
      <xmin>822</xmin>
      <ymin>45</ymin>
      <xmax>856</xmax>
      <ymax>124</ymax>
    </bndbox>
  </object>
  <object>
    <name>pedestrian</name>
    <bndbox>
      <xmin>167</xmin>
      <ymin>121</ymin>
      <xmax>206</xmax>
      <ymax>215</ymax>
    </bndbox>
  </object>
  <object>
    <name>pedestrian</name>
    <bndbox>
      <xmin>525</xmin>
      <ymin>30</ymin>
      <xmax>550</xmax>
      <ymax>102</ymax>
    </bndbox>
  </object>
  <object>
    <name>pedestrian</name>
    <bndbox>
      <xmin>390</xmin>
      <ymin>68</ymin>
      <xmax>419</xmax>
      <ymax>150</ymax>
    </bndbox>
  </object>
  <object>
    <name>pedestrian</name>
    <bndbox>
      <xmin>378</xmin>
      <ymin>59</ymin>
      <xmax>406</xmax>
      <ymax>138</ymax>
    </bndbox>
  </object>
  <object>
    <name>pedestrian</name>
    <bndbox>
      <xmin>353</xmin>
      <ymin>65</ymin>
      <xmax>383</xmax>
      <ymax>146</ymax>
    </bndbox>
  </object>
  <object>
    <name>pedestrian</name>
    <bndbox>
      <xmin>828</xmin>
      <ymin>69</ymin>
      <xmax>864</xmax>
      <ymax>154</ymax>
    </bndbox>
  </object>
  <object>
    <name>pedestrian</name>
    <bndbox>
      <xmin>232</xmin>
      <ymin>96</ymin>
      <xmax>267</xmax>
      <ymax>184</ymax>
    </bndbox>
  </object>
  <object>
    <name>pedestrian</name>
    <bndbox>
      <xmin>331</xmin>
      <ymin>65</ymin>
      <xmax>361</xmax>
      <ymax>145</ymax>
    </bndbox>
  </object>
  <object>
    <name>pedestrian</name>
    <bndbox>
      <xmin>733</xmin>
      <ymin>65</ymin>
      <xmax>763</xmax>
      <ymax>148</ymax>
    </bndbox>
  </object>
  <object>
    <name>pedestrian</name>
    <bndbox>
      <xmin>331</xmin>
      <ymin>59</ymin>
      <xmax>361</xmax>
      <ymax>138</ymax>
    </bndbox>
  </object>
  <object>
    <name>pedestrian</name>
    <bndbox>
      <xmin>507</xmin>
      <ymin>20</ymin>
      <xmax>531</xmax>
      <ymax>89</ymax>
    </bndbox>
  </object>
  <object>
    <name>pedestrian</name>
    <bndbox>
      <xmin>410</xmin>
      <ymin>379</ymin>
      <xmax>465</xmax>
      <ymax>541</ymax>
    </bndbox>
  </object>
  <object>
    <name>pedestrian</name>
    <bndbox>
      <xmin>487</xmin>
      <ymin>47</ymin>
      <xmax>513</xmax>
      <ymax>124</ymax>
    </bndbox>
  </object>
</annotation>
