<annotation>
  <filename>705.jpg</filename>
  <size>
    <width>960</width>
    <height>540</height>
    <depth>3</depth>
  </size>
  <object>
    <name>pedestrian</name>
    <bndbox>
      <xmin>7</xmin>
      <ymin>231</ymin>
      <xmax>68</xmax>
      <ymax>356</ymax>
    </bndbox>
  </object>
  <object>
    <name>pedestrian</name>
    <bndbox>
      <xmin>767</xmin>
      <ymin>30</ymin>
      <xmax>796</xmax>
      <ymax>104</ymax>
    </bndbox>
  </object>
  <object>
    <name>pedestrian</name>
    <bndbox>
      <xmin>675</xmin>
      <ymin>30</ymin>
      <xmax>700</xmax>
      <ymax>103</ymax>
    </bndbox>
  </object>
  <object>
    <name>pedestrian</name>
    <bndbox>
      <xmin>637</xmin>
      <ymin>30</ymin>
      <xmax>662</xmax>
      <ymax>102</ymax>
    </bndbox>
  </object>
  <object>
    <name>pedestrian</name>
    <bndbox>
      <xmin>819</xmin>
      <ymin>30</ymin>
      <xmax>850</xmax>
      <ymax>105</ymax>
    </bndbox>
  </object>
  <object>
    <name>pedestrian</name>
    <bndbox>
      <xmin>116</xmin>
      <ymin>141</ymin>
      <xmax>159</xmax>
      <ymax>241</ymax>
    </bndbox>
  </object>
  <object>
    <name>pedestrian</name>
    <bndbox>
      <xmin>552</xmin>
      <ymin>17</ymin>
      <xmax>575</xmax>
      <ymax>85</ymax>
    </bndbox>
  </object>
  <object>
    <name>pedestrian</name>
    <bndbox>
      <xmin>434</xmin>
      <ymin>57</ymin>
      <xmax>463</xmax>
      <ymax>136</ymax>
    </bndbox>
  </object>
  <object>
    <name>pedestrian</name>
    <bndbox>
      <xmin>421</xmin>
      <ymin>47</ymin>
      <xmax>449</xmax>
      <ymax>124</ymax>
    </bndbox>
  </object>
  <object>
    <name>pedestrian</name>
    <bndbox>
      <xmin>391</xmin>
      <ymin>56</ymin>
      <xmax>419</xmax>
      <ymax>134</ymax>
    </bndbox>
  </object>
  <object>
    <name>pedestrian</name>
    <bndbox>
      <xmin>834</xmin>
      <ymin>85</ymin>
      <xmax>871</xmax>
      <ymax>174</ymax>
    </bndbox>
  </object>
  <object>
    <name>pedestrian</name>
    <bndbox>
      <xmin>191</xmin>
      <ymin>120</ymin>
      <xmax>229</xmax>
      <ymax>214</ymax>
    </bndbox>
  </object>
  <object>
    <name>pedestrian</name>
    <bndbox>
      <xmin>373</xmin>
      <ymin>53</ymin>
      <xmax>401</xmax>
      <ymax>131</ymax>
    </bndbox>
  </object>
  <object>
    <name>pedestrian</name>
    <bndbox>
      <xmin>712</xmin>
      <ymin>89</ymin>
      <xmax>743</xmax>
      <ymax>178</ymax>
    </bndbox>
  </object>
  <object>
    <name>pedestrian</name>
    <bndbox>
      <xmin>281</xmin>
      <ymin>80</ymin>
      <xmax>313</xmax>
      <ymax>164</ymax>
    </bndbox>
  </object>
  <object>
    <name>pedestrian</name>
    <bndbox>
      <xmin>461</xmin>
      <ymin>33</ymin>
      <xmax>486</xmax>
      <ymax>105</ymax>
    </bndbox>
  </object>
  <object>
    <name>pedestrian</name>
    <bndbox>
      <xmin>506</xmin>
      <ymin>306</ymin>
      <xmax>552</xmax>
      <ymax>452</ymax>
    </bndbox>
  </object>
  <object>
    <name>pedestrian</name>
    <bndbox>
      <xmin>900</xmin>
      <ymin>129</ymin>
      <xmax>948</xmax>
      <ymax>231</ymax>
    </bndbox>
  </object>
  <object>
    <name>pedestrian</name>
    <bndbox>
      <xmin>911</xmin>
      <ymin>82</ymin>
      <xmax>956</xmax>
      <ymax>174</ymax>
    </bndbox>
  </object>
</annotation>
