<annotation>
  <filename>743.jpg</filename>
  <size>
    <width>960</width>
    <height>540</height>
    <depth>3</depth>
  </size>
  <object>
    <name>pedestrian</name>
    <bndbox>
      <xmin>808</xmin>
      <ymin>21</ymin>
      <xmax>839</xmax>
      <ymax>94</ymax>
    </bndbox>
  </object>
  <object>
    <name>pedestrian</name>
    <bndbox>
      <xmin>692</xmin>
      <ymin>15</ymin>
      <xmax>717</xmax>
      <ymax>83</ymax>
    </bndbox>
  </object>
  <object>
    <name>pedestrian</name>
    <bndbox>
      <xmin>669</xmin>
      <ymin>17</ymin>
      <xmax>693</xmax>
      <ymax>86</ymax>
    </bndbox>
  </object>
  <object>
    <name>pedestrian</name>
    <bndbox>
      <xmin>809</xmin>
      <ymin>11</ymin>
      <xmax>839</xmax>
      <ymax>82</ymax>
    </bndbox>
  </object>
  <object>
    <name>pedestrian</name>
    <bndbox>
      <xmin>39</xmin>
      <ymin>168</ymin>
      <xmax>90</xmax>
      <ymax>275</ymax>
    </bndbox>
  </object>
  <object>
    <name>pedestrian</name>
    <bndbox>
      <xmin>585</xmin>
      <ymin>1</ymin>
      <xmax>607</xmax>
      <ymax>65</ymax>
    </bndbox>
  </object>
  <object>
    <name>pedestrian</name>
    <bndbox>
      <xmin>473</xmin>
      <ymin>45</ymin>
      <xmax>500</xmax>
      <ymax>121</ymax>
    </bndbox>
  </object>
  <object>
    <name>pedestrian</name>
    <bndbox>
      <xmin>461</xmin>
      <ymin>36</ymin>
      <xmax>488</xmax>
      <ymax>110</ymax>
    </bndbox>
  </object>
  <object>
    <name>pedestrian</name>
    <bndbox>
      <xmin>445</xmin>
      <ymin>46</ymin>
      <xmax>472</xmax>
      <ymax>122</ymax>
    </bndbox>
  </object>
  <object>
    <name>pedestrian</name>
    <bndbox>
      <xmin>833</xmin>
      <ymin>103</ymin>
      <xmax>872</xmax>
      <ymax>197</ymax>
    </bndbox>
  </object>
  <object>
    <name>pedestrian</name>
    <bndbox>
      <xmin>138</xmin>
      <ymin>155</ymin>
      <xmax>181</xmax>
      <ymax>259</ymax>
    </bndbox>
  </object>
  <object>
    <name>pedestrian</name>
    <bndbox>
      <xmin>419</xmin>
      <ymin>44</ymin>
      <xmax>447</xmax>
      <ymax>119</ymax>
    </bndbox>
  </object>
  <object>
    <name>pedestrian</name>
    <bndbox>
      <xmin>678</xmin>
      <ymin>117</ymin>
      <xmax>710</xmax>
      <ymax>214</ymax>
    </bndbox>
  </object>
  <object>
    <name>pedestrian</name>
    <bndbox>
      <xmin>219</xmin>
      <ymin>108</ymin>
      <xmax>255</xmax>
      <ymax>199</ymax>
    </bndbox>
  </object>
  <object>
    <name>pedestrian</name>
    <bndbox>
      <xmin>394</xmin>
      <ymin>49</ymin>
      <xmax>422</xmax>
      <ymax>125</ymax>
    </bndbox>
  </object>
  <object>
    <name>pedestrian</name>
    <bndbox>
      <xmin>589</xmin>
      <ymin>240</ymin>
      <xmax>630</xmax>
      <ymax>369</ymax>
    </bndbox>
  </object>
  <object>
    <name>pedestrian</name>
    <bndbox>
      <xmin>881</xmin>
      <ymin>159</ymin>
      <xmax>929</xmax>
      <ymax>269</ymax>
    </bndbox>
  </object>
  <object>
    <name>pedestrian</name>
    <bndbox>
      <xmin>896</xmin>
      <ymin>109</ymin>
      <xmax>942</xmax>
      <ymax>207</ymax>
    </bndbox>
  </object>
</annotation>
