<annotation>
  <filename>759.jpg</filename>
  <size>
    <width>960</width>
    <height>540</height>
    <depth>3</depth>
  </size>
  <object>
    <name>pedestrian</name>
    <bndbox>
      <xmin>826</xmin>
      <ymin>16</ymin>
      <xmax>857</xmax>
      <ymax>89</ymax>
    </bndbox>
  </object>
  <object>
    <name>pedestrian</name>
    <bndbox>
      <xmin>701</xmin>
      <ymin>9</ymin>
      <xmax>726</xmax>
      <ymax>76</ymax>
    </bndbox>
  </object>
  <object>
    <name>pedestrian</name>
    <bndbox>
      <xmin>678</xmin>
      <ymin>11</ymin>
      <xmax>702</xmax>
      <ymax>78</ymax>
    </bndbox>
  </object>
  <object>
    <name>pedestrian</name>
    <bndbox>
      <xmin>798</xmin>
      <ymin>5</ymin>
      <xmax>826</xmax>
      <ymax>74</ymax>
    </bndbox>
  </object>
  <object>
    <name>pedestrian</name>
    <bndbox>
      <xmin>7</xmin>
      <ymin>178</ymin>
      <xmax>63</xmax>
      <ymax>289</ymax>
    </bndbox>
  </object>
  <object>
    <name>pedestrian</name>
    <bndbox>
      <xmin>597</xmin>
      <ymin>-6</ymin>
      <xmax>619</xmax>
      <ymax>56</ymax>
    </bndbox>
  </object>
  <object>
    <name>pedestrian</name>
    <bndbox>
      <xmin>486</xmin>
      <ymin>40</ymin>
      <xmax>512</xmax>
      <ymax>115</ymax>
    </bndbox>
  </object>
  <object>
    <name>pedestrian</name>
    <bndbox>
      <xmin>471</xmin>
      <ymin>31</ymin>
      <xmax>496</xmax>
      <ymax>103</ymax>
    </bndbox>
  </object>
  <object>
    <name>pedestrian</name>
    <bndbox>
      <xmin>458</xmin>
      <ymin>41</ymin>
      <xmax>485</xmax>
      <ymax>115</ymax>
    </bndbox>
  </object>
  <object>
    <name>pedestrian</name>
    <bndbox>
      <xmin>839</xmin>
      <ymin>110</ymin>
      <xmax>878</xmax>
      <ymax>207</ymax>
    </bndbox>
  </object>
  <object>
    <name>pedestrian</name>
    <bndbox>
      <xmin>110</xmin>
      <ymin>170</ymin>
      <xmax>156</xmax>
      <ymax>278</ymax>
    </bndbox>
  </object>
  <object>
    <name>pedestrian</name>
    <bndbox>
      <xmin>441</xmin>
      <ymin>43</ymin>
      <xmax>468</xmax>
      <ymax>118</ymax>
    </bndbox>
  </object>
  <object>
    <name>pedestrian</name>
    <bndbox>
      <xmin>661</xmin>
      <ymin>131</ymin>
      <xmax>694</xmax>
      <ymax>231</ymax>
    </bndbox>
  </object>
  <object>
    <name>pedestrian</name>
    <bndbox>
      <xmin>192</xmin>
      <ymin>119</ymin>
      <xmax>230</xmax>
      <ymax>213</ymax>
    </bndbox>
  </object>
  <object>
    <name>pedestrian</name>
    <bndbox>
      <xmin>365</xmin>
      <ymin>55</ymin>
      <xmax>394</xmax>
      <ymax>133</ymax>
    </bndbox>
  </object>
  <object>
    <name>pedestrian</name>
    <bndbox>
      <xmin>621</xmin>
      <ymin>216</ymin>
      <xmax>662</xmax>
      <ymax>340</ymax>
    </bndbox>
  </object>
  <object>
    <name>pedestrian</name>
    <bndbox>
      <xmin>873</xmin>
      <ymin>174</ymin>
      <xmax>922</xmax>
      <ymax>287</ymax>
    </bndbox>
  </object>
  <object>
    <name>pedestrian</name>
    <bndbox>
      <xmin>885</xmin>
      <ymin>121</ymin>
      <xmax>930</xmax>
      <ymax>221</ymax>
    </bndbox>
  </object>
  <object>
    <name>pedestrian</name>
    <bndbox>
      <xmin>344</xmin>
      <ymin>85</ymin>
      <xmax>375</xmax>
      <ymax>171</ymax>
    </bndbox>
  </object>
</annotation>
