<annotation>
  <filename>770.jpg</filename>
  <size>
    <width>960</width>
    <height>540</height>
    <depth>3</depth>
  </size>
  <object>
    <name>pedestrian</name>
    <bndbox>
      <xmin>838</xmin>
      <ymin>13</ymin>
      <xmax>870</xmax>
      <ymax>86</ymax>
    </bndbox>
  </object>
  <object>
    <name>pedestrian</name>
    <bndbox>
      <xmin>707</xmin>
      <ymin>5</ymin>
      <xmax>732</xmax>
      <ymax>71</ymax>
    </bndbox>
  </object>
  <object>
    <name>pedestrian</name>
    <bndbox>
      <xmin>680</xmin>
      <ymin>6</ymin>
      <xmax>704</xmax>
      <ymax>73</ymax>
    </bndbox>
  </object>
  <object>
    <name>pedestrian</name>
    <bndbox>
      <xmin>789</xmin>
      <ymin>-2</ymin>
      <xmax>817</xmax>
      <ymax>65</ymax>
    </bndbox>
  </object>
  <object>
    <name>pedestrian</name>
    <bndbox>
      <xmin>-20</xmin>
      <ymin>187</ymin>
      <xmax>39</xmax>
      <ymax>301</ymax>
    </bndbox>
  </object>
  <object>
    <name>pedestrian</name>
    <bndbox>
      <xmin>494</xmin>
      <ymin>37</ymin>
      <xmax>520</xmax>
      <ymax>110</ymax>
    </bndbox>
  </object>
  <object>
    <name>pedestrian</name>
    <bndbox>
      <xmin>477</xmin>
      <ymin>27</ymin>
      <xmax>502</xmax>
      <ymax>97</ymax>
    </bndbox>
  </object>
  <object>
    <name>pedestrian</name>
    <bndbox>
      <xmin>471</xmin>
      <ymin>39</ymin>
      <xmax>497</xmax>
      <ymax>113</ymax>
    </bndbox>
  </object>
  <object>
    <name>pedestrian</name>
    <bndbox>
      <xmin>839</xmin>
      <ymin>116</ymin>
      <xmax>879</xmax>
      <ymax>213</ymax>
    </bndbox>
  </object>
  <object>
    <name>pedestrian</name>
    <bndbox>
      <xmin>88</xmin>
      <ymin>181</ymin>
      <xmax>137</xmax>
      <ymax>291</ymax>
    </bndbox>
  </object>
  <object>
    <name>pedestrian</name>
    <bndbox>
      <xmin>451</xmin>
      <ymin>39</ymin>
      <xmax>478</xmax>
      <ymax>114</ymax>
    </bndbox>
  </object>
  <object>
    <name>pedestrian</name>
    <bndbox>
      <xmin>647</xmin>
      <ymin>140</ymin>
      <xmax>681</xmax>
      <ymax>243</ymax>
    </bndbox>
  </object>
  <object>
    <name>pedestrian</name>
    <bndbox>
      <xmin>171</xmin>
      <ymin>128</ymin>
      <xmax>210</xmax>
      <ymax>225</ymax>
    </bndbox>
  </object>
  <object>
    <name>pedestrian</name>
    <bndbox>
      <xmin>347</xmin>
      <ymin>61</ymin>
      <xmax>376</xmax>
      <ymax>141</ymax>
    </bndbox>
  </object>
  <object>
    <name>pedestrian</name>
    <bndbox>
      <xmin>637</xmin>
      <ymin>202</ymin>
      <xmax>677</xmax>
      <ymax>321</ymax>
    </bndbox>
  </object>
  <object>
    <name>pedestrian</name>
    <bndbox>
      <xmin>867</xmin>
      <ymin>185</ymin>
      <xmax>916</xmax>
      <ymax>301</ymax>
    </bndbox>
  </object>
  <object>
    <name>pedestrian</name>
    <bndbox>
      <xmin>884</xmin>
      <ymin>133</ymin>
      <xmax>930</xmax>
      <ymax>236</ymax>
    </bndbox>
  </object>
  <object>
    <name>pedestrian</name>
    <bndbox>
      <xmin>324</xmin>
      <ymin>91</ymin>
      <xmax>356</xmax>
      <ymax>178</ymax>
    </bndbox>
  </object>
</annotation>
