<annotation>
  <filename>804.jpg</filename>
  <size>
    <width>960</width>
    <height>540</height>
    <depth>3</depth>
  </size>
  <object>
    <name>pedestrian</name>
    <bndbox>
      <xmin>866</xmin>
      <ymin>4</ymin>
      <xmax>899</xmax>
      <ymax>76</ymax>
    </bndbox>
  </object>
  <object>
    <name>pedestrian</name>
    <bndbox>
      <xmin>722</xmin>
      <ymin>-5</ymin>
      <xmax>747</xmax>
      <ymax>60</ymax>
    </bndbox>
  </object>
  <object>
    <name>pedestrian</name>
    <bndbox>
      <xmin>697</xmin>
      <ymin>-2</ymin>
      <xmax>720</xmax>
      <ymax>62</ymax>
    </bndbox>
  </object>
  <object>
    <name>pedestrian</name>
    <bndbox>
      <xmin>517</xmin>
      <ymin>24</ymin>
      <xmax>541</xmax>
      <ymax>94</ymax>
    </bndbox>
  </object>
  <object>
    <name>pedestrian</name>
    <bndbox>
      <xmin>497</xmin>
      <ymin>17</ymin>
      <xmax>521</xmax>
      <ymax>85</ymax>
    </bndbox>
  </object>
  <object>
    <name>pedestrian</name>
    <bndbox>
      <xmin>506</xmin>
      <ymin>28</ymin>
      <xmax>531</xmax>
      <ymax>99</ymax>
    </bndbox>
  </object>
  <object>
    <name>pedestrian</name>
    <bndbox>
      <xmin>849</xmin>
      <ymin>136</ymin>
      <xmax>892</xmax>
      <ymax>239</ymax>
    </bndbox>
  </object>
  <object>
    <name>pedestrian</name>
    <bndbox>
      <xmin>14</xmin>
      <ymin>215</ymin>
      <xmax>72</xmax>
      <ymax>335</ymax>
    </bndbox>
  </object>
  <object>
    <name>pedestrian</name>
    <bndbox>
      <xmin>475</xmin>
      <ymin>28</ymin>
      <xmax>501</xmax>
      <ymax>99</ymax>
    </bndbox>
  </object>
  <object>
    <name>pedestrian</name>
    <bndbox>
      <xmin>620</xmin>
      <ymin>173</ymin>
      <xmax>656</xmax>
      <ymax>285</ymax>
    </bndbox>
  </object>
  <object>
    <name>pedestrian</name>
    <bndbox>
      <xmin>100</xmin>
      <ymin>162</ymin>
      <xmax>147</xmax>
      <ymax>268</ymax>
    </bndbox>
  </object>
  <object>
    <name>pedestrian</name>
    <bndbox>
      <xmin>286</xmin>
      <ymin>80</ymin>
      <xmax>318</xmax>
      <ymax>165</ymax>
    </bndbox>
  </object>
  <object>
    <name>pedestrian</name>
    <bndbox>
      <xmin>710</xmin>
      <ymin>166</ymin>
      <xmax>748</xmax>
      <ymax>276</ymax>
    </bndbox>
  </object>
  <object>
    <name>pedestrian</name>
    <bndbox>
      <xmin>842</xmin>
      <ymin>219</ymin>
      <xmax>892</xmax>
      <ymax>343</ymax>
    </bndbox>
  </object>
  <object>
    <name>pedestrian</name>
    <bndbox>
      <xmin>865</xmin>
      <ymin>163</ymin>
      <xmax>912</xmax>
      <ymax>273</ymax>
    </bndbox>
  </object>
  <object>
    <name>pedestrian</name>
    <bndbox>
      <xmin>263</xmin>
      <ymin>112</ymin>
      <xmax>299</xmax>
      <ymax>205</ymax>
    </bndbox>
  </object>
  <object>
    <name>pedestrian</name>
    <bndbox>
      <xmin>485</xmin>
      <ymin>8</ymin>
      <xmax>508</xmax>
      <ymax>74</ymax>
    </bndbox>
  </object>
  <object>
    <name>pedestrian</name>
    <bndbox>
      <xmin>471</xmin>
      <ymin>6</ymin>
      <xmax>494</xmax>
      <ymax>71</ymax>
    </bndbox>
  </object>
</annotation>
