<annotation>
  <filename>813.jpg</filename>
  <size>
    <width>960</width>
    <height>540</height>
    <depth>3</depth>
  </size>
  <object>
    <name>pedestrian</name>
    <bndbox>
      <xmin>873</xmin>
      <ymin>2</ymin>
      <xmax>907</xmax>
      <ymax>74</ymax>
    </bndbox>
  </object>
  <object>
    <name>pedestrian</name>
    <bndbox>
      <xmin>701</xmin>
      <ymin>-5</ymin>
      <xmax>725</xmax>
      <ymax>59</ymax>
    </bndbox>
  </object>
  <object>
    <name>pedestrian</name>
    <bndbox>
      <xmin>524</xmin>
      <ymin>22</ymin>
      <xmax>548</xmax>
      <ymax>91</ymax>
    </bndbox>
  </object>
  <object>
    <name>pedestrian</name>
    <bndbox>
      <xmin>503</xmin>
      <ymin>12</ymin>
      <xmax>527</xmax>
      <ymax>78</ymax>
    </bndbox>
  </object>
  <object>
    <name>pedestrian</name>
    <bndbox>
      <xmin>513</xmin>
      <ymin>25</ymin>
      <xmax>538</xmax>
      <ymax>95</ymax>
    </bndbox>
  </object>
  <object>
    <name>pedestrian</name>
    <bndbox>
      <xmin>852</xmin>
      <ymin>140</ymin>
      <xmax>896</xmax>
      <ymax>244</ymax>
    </bndbox>
  </object>
  <object>
    <name>pedestrian</name>
    <bndbox>
      <xmin>-9</xmin>
      <ymin>225</ymin>
      <xmax>53</xmax>
      <ymax>348</ymax>
    </bndbox>
  </object>
  <object>
    <name>pedestrian</name>
    <bndbox>
      <xmin>478</xmin>
      <ymin>25</ymin>
      <xmax>503</xmax>
      <ymax>95</ymax>
    </bndbox>
  </object>
  <object>
    <name>pedestrian</name>
    <bndbox>
      <xmin>617</xmin>
      <ymin>181</ymin>
      <xmax>654</xmax>
      <ymax>296</ymax>
    </bndbox>
  </object>
  <object>
    <name>pedestrian</name>
    <bndbox>
      <xmin>78</xmin>
      <ymin>172</ymin>
      <xmax>127</xmax>
      <ymax>280</ymax>
    </bndbox>
  </object>
  <object>
    <name>pedestrian</name>
    <bndbox>
      <xmin>272</xmin>
      <ymin>86</ymin>
      <xmax>305</xmax>
      <ymax>172</ymax>
    </bndbox>
  </object>
  <object>
    <name>pedestrian</name>
    <bndbox>
      <xmin>730</xmin>
      <ymin>155</ymin>
      <xmax>767</xmax>
      <ymax>262</ymax>
    </bndbox>
  </object>
  <object>
    <name>pedestrian</name>
    <bndbox>
      <xmin>832</xmin>
      <ymin>228</ymin>
      <xmax>882</xmax>
      <ymax>355</ymax>
    </bndbox>
  </object>
  <object>
    <name>pedestrian</name>
    <bndbox>
      <xmin>857</xmin>
      <ymin>169</ymin>
      <xmax>904</xmax>
      <ymax>281</ymax>
    </bndbox>
  </object>
  <object>
    <name>pedestrian</name>
    <bndbox>
      <xmin>247</xmin>
      <ymin>118</ymin>
      <xmax>283</xmax>
      <ymax>213</ymax>
    </bndbox>
  </object>
  <object>
    <name>pedestrian</name>
    <bndbox>
      <xmin>474</xmin>
      <ymin>12</ymin>
      <xmax>498</xmax>
      <ymax>79</ymax>
    </bndbox>
  </object>
  <object>
    <name>pedestrian</name>
    <bndbox>
      <xmin>462</xmin>
      <ymin>11</ymin>
      <xmax>486</xmax>
      <ymax>77</ymax>
    </bndbox>
  </object>
</annotation>
