<annotation>
  <filename>828.jpg</filename>
  <size>
    <width>960</width>
    <height>540</height>
    <depth>3</depth>
  </size>
  <object>
    <name>pedestrian</name>
    <bndbox>
      <xmin>883</xmin>
      <ymin>-2</ymin>
      <xmax>918</xmax>
      <ymax>69</ymax>
    </bndbox>
  </object>
  <object>
    <name>pedestrian</name>
    <bndbox>
      <xmin>531</xmin>
      <ymin>17</ymin>
      <xmax>555</xmax>
      <ymax>85</ymax>
    </bndbox>
  </object>
  <object>
    <name>pedestrian</name>
    <bndbox>
      <xmin>513</xmin>
      <ymin>8</ymin>
      <xmax>536</xmax>
      <ymax>73</ymax>
    </bndbox>
  </object>
  <object>
    <name>pedestrian</name>
    <bndbox>
      <xmin>520</xmin>
      <ymin>21</ymin>
      <xmax>544</xmax>
      <ymax>90</ymax>
    </bndbox>
  </object>
  <object>
    <name>pedestrian</name>
    <bndbox>
      <xmin>849</xmin>
      <ymin>150</ymin>
      <xmax>893</xmax>
      <ymax>256</ymax>
    </bndbox>
  </object>
  <object>
    <name>pedestrian</name>
    <bndbox>
      <xmin>488</xmin>
      <ymin>21</ymin>
      <xmax>513</xmax>
      <ymax>90</ymax>
    </bndbox>
  </object>
  <object>
    <name>pedestrian</name>
    <bndbox>
      <xmin>605</xmin>
      <ymin>202</ymin>
      <xmax>644</xmax>
      <ymax>321</ymax>
    </bndbox>
  </object>
  <object>
    <name>pedestrian</name>
    <bndbox>
      <xmin>41</xmin>
      <ymin>188</ymin>
      <xmax>94</xmax>
      <ymax>300</ymax>
    </bndbox>
  </object>
  <object>
    <name>pedestrian</name>
    <bndbox>
      <xmin>242</xmin>
      <ymin>97</ymin>
      <xmax>276</xmax>
      <ymax>185</ymax>
    </bndbox>
  </object>
  <object>
    <name>pedestrian</name>
    <bndbox>
      <xmin>754</xmin>
      <ymin>144</ymin>
      <xmax>791</xmax>
      <ymax>248</ymax>
    </bndbox>
  </object>
  <object>
    <name>pedestrian</name>
    <bndbox>
      <xmin>811</xmin>
      <ymin>243</ymin>
      <xmax>861</xmax>
      <ymax>373</ymax>
    </bndbox>
  </object>
  <object>
    <name>pedestrian</name>
    <bndbox>
      <xmin>843</xmin>
      <ymin>183</ymin>
      <xmax>890</xmax>
      <ymax>298</ymax>
    </bndbox>
  </object>
  <object>
    <name>pedestrian</name>
    <bndbox>
      <xmin>220</xmin>
      <ymin>129</ymin>
      <xmax>258</xmax>
      <ymax>226</ymax>
    </bndbox>
  </object>
  <object>
    <name>pedestrian</name>
    <bndbox>
      <xmin>457</xmin>
      <ymin>18</ymin>
      <xmax>481</xmax>
      <ymax>86</ymax>
    </bndbox>
  </object>
  <object>
    <name>pedestrian</name>
    <bndbox>
      <xmin>442</xmin>
      <ymin>16</ymin>
      <xmax>467</xmax>
      <ymax>84</ymax>
    </bndbox>
  </object>
</annotation>
