<annotation>
  <filename>833.jpg</filename>
  <size>
    <width>960</width>
    <height>540</height>
    <depth>3</depth>
  </size>
  <object>
    <name>pedestrian</name>
    <bndbox>
      <xmin>888</xmin>
      <ymin>-3</ymin>
      <xmax>923</xmax>
      <ymax>69</ymax>
    </bndbox>
  </object>
  <object>
    <name>pedestrian</name>
    <bndbox>
      <xmin>534</xmin>
      <ymin>15</ymin>
      <xmax>557</xmax>
      <ymax>83</ymax>
    </bndbox>
  </object>
  <object>
    <name>pedestrian</name>
    <bndbox>
      <xmin>515</xmin>
      <ymin>7</ymin>
      <xmax>538</xmax>
      <ymax>73</ymax>
    </bndbox>
  </object>
  <object>
    <name>pedestrian</name>
    <bndbox>
      <xmin>524</xmin>
      <ymin>20</ymin>
      <xmax>548</xmax>
      <ymax>89</ymax>
    </bndbox>
  </object>
  <object>
    <name>pedestrian</name>
    <bndbox>
      <xmin>854</xmin>
      <ymin>153</ymin>
      <xmax>898</xmax>
      <ymax>261</ymax>
    </bndbox>
  </object>
  <object>
    <name>pedestrian</name>
    <bndbox>
      <xmin>490</xmin>
      <ymin>20</ymin>
      <xmax>515</xmax>
      <ymax>88</ymax>
    </bndbox>
  </object>
  <object>
    <name>pedestrian</name>
    <bndbox>
      <xmin>603</xmin>
      <ymin>209</ymin>
      <xmax>642</xmax>
      <ymax>331</ymax>
    </bndbox>
  </object>
  <object>
    <name>pedestrian</name>
    <bndbox>
      <xmin>27</xmin>
      <ymin>192</ymin>
      <xmax>82</xmax>
      <ymax>305</ymax>
    </bndbox>
  </object>
  <object>
    <name>pedestrian</name>
    <bndbox>
      <xmin>233</xmin>
      <ymin>98</ymin>
      <xmax>268</xmax>
      <ymax>187</ymax>
    </bndbox>
  </object>
  <object>
    <name>pedestrian</name>
    <bndbox>
      <xmin>764</xmin>
      <ymin>141</ymin>
      <xmax>801</xmax>
      <ymax>244</ymax>
    </bndbox>
  </object>
  <object>
    <name>pedestrian</name>
    <bndbox>
      <xmin>800</xmin>
      <ymin>247</ymin>
      <xmax>850</xmax>
      <ymax>378</ymax>
    </bndbox>
  </object>
  <object>
    <name>pedestrian</name>
    <bndbox>
      <xmin>835</xmin>
      <ymin>190</ymin>
      <xmax>881</xmax>
      <ymax>307</ymax>
    </bndbox>
  </object>
  <object>
    <name>pedestrian</name>
    <bndbox>
      <xmin>211</xmin>
      <ymin>133</ymin>
      <xmax>249</xmax>
      <ymax>231</ymax>
    </bndbox>
  </object>
  <object>
    <name>pedestrian</name>
    <bndbox>
      <xmin>450</xmin>
      <ymin>20</ymin>
      <xmax>475</xmax>
      <ymax>89</ymax>
    </bndbox>
  </object>
  <object>
    <name>pedestrian</name>
    <bndbox>
      <xmin>438</xmin>
      <ymin>20</ymin>
      <xmax>463</xmax>
      <ymax>88</ymax>
    </bndbox>
  </object>
</annotation>
