<annotation>
  <filename>837.jpg</filename>
  <size>
    <width>960</width>
    <height>540</height>
    <depth>3</depth>
  </size>
  <object>
    <name>pedestrian</name>
    <bndbox>
      <xmin>890</xmin>
      <ymin>-5</ymin>
      <xmax>926</xmax>
      <ymax>67</ymax>
    </bndbox>
  </object>
  <object>
    <name>pedestrian</name>
    <bndbox>
      <xmin>537</xmin>
      <ymin>15</ymin>
      <xmax>560</xmax>
      <ymax>83</ymax>
    </bndbox>
  </object>
  <object>
    <name>pedestrian</name>
    <bndbox>
      <xmin>517</xmin>
      <ymin>7</ymin>
      <xmax>541</xmax>
      <ymax>72</ymax>
    </bndbox>
  </object>
  <object>
    <name>pedestrian</name>
    <bndbox>
      <xmin>527</xmin>
      <ymin>17</ymin>
      <xmax>551</xmax>
      <ymax>86</ymax>
    </bndbox>
  </object>
  <object>
    <name>pedestrian</name>
    <bndbox>
      <xmin>856</xmin>
      <ymin>154</ymin>
      <xmax>901</xmax>
      <ymax>262</ymax>
    </bndbox>
  </object>
  <object>
    <name>pedestrian</name>
    <bndbox>
      <xmin>494</xmin>
      <ymin>17</ymin>
      <xmax>518</xmax>
      <ymax>85</ymax>
    </bndbox>
  </object>
  <object>
    <name>pedestrian</name>
    <bndbox>
      <xmin>601</xmin>
      <ymin>211</ymin>
      <xmax>640</xmax>
      <ymax>333</ymax>
    </bndbox>
  </object>
  <object>
    <name>pedestrian</name>
    <bndbox>
      <xmin>15</xmin>
      <ymin>199</ymin>
      <xmax>72</xmax>
      <ymax>315</ymax>
    </bndbox>
  </object>
  <object>
    <name>pedestrian</name>
    <bndbox>
      <xmin>227</xmin>
      <ymin>102</ymin>
      <xmax>262</xmax>
      <ymax>192</ymax>
    </bndbox>
  </object>
  <object>
    <name>pedestrian</name>
    <bndbox>
      <xmin>769</xmin>
      <ymin>136</ymin>
      <xmax>807</xmax>
      <ymax>237</ymax>
    </bndbox>
  </object>
  <object>
    <name>pedestrian</name>
    <bndbox>
      <xmin>790</xmin>
      <ymin>250</ymin>
      <xmax>840</xmax>
      <ymax>381</ymax>
    </bndbox>
  </object>
  <object>
    <name>pedestrian</name>
    <bndbox>
      <xmin>825</xmin>
      <ymin>193</ymin>
      <xmax>871</xmax>
      <ymax>310</ymax>
    </bndbox>
  </object>
  <object>
    <name>pedestrian</name>
    <bndbox>
      <xmin>203</xmin>
      <ymin>136</ymin>
      <xmax>242</xmax>
      <ymax>234</ymax>
    </bndbox>
  </object>
  <object>
    <name>pedestrian</name>
    <bndbox>
      <xmin>445</xmin>
      <ymin>23</ymin>
      <xmax>470</xmax>
      <ymax>93</ymax>
    </bndbox>
  </object>
  <object>
    <name>pedestrian</name>
    <bndbox>
      <xmin>433</xmin>
      <ymin>20</ymin>
      <xmax>458</xmax>
      <ymax>89</ymax>
    </bndbox>
  </object>
</annotation>
