<annotation>
  <filename>906.jpg</filename>
  <size>
    <width>960</width>
    <height>540</height>
    <depth>3</depth>
  </size>
  <object>
    <name>pedestrian</name>
    <bndbox>
      <xmin>575</xmin>
      <ymin>-4</ymin>
      <xmax>597</xmax>
      <ymax>59</ymax>
    </bndbox>
  </object>
  <object>
    <name>pedestrian</name>
    <bndbox>
      <xmin>561</xmin>
      <ymin>-1</ymin>
      <xmax>583</xmax>
      <ymax>63</ymax>
    </bndbox>
  </object>
  <object>
    <name>pedestrian</name>
    <bndbox>
      <xmin>851</xmin>
      <ymin>205</ymin>
      <xmax>900</xmax>
      <ymax>326</ymax>
    </bndbox>
  </object>
  <object>
    <name>pedestrian</name>
    <bndbox>
      <xmin>530</xmin>
      <ymin>1</ymin>
      <xmax>553</xmax>
      <ymax>64</ymax>
    </bndbox>
  </object>
  <object>
    <name>pedestrian</name>
    <bndbox>
      <xmin>568</xmin>
      <ymin>327</ymin>
      <xmax>616</xmax>
      <ymax>477</ymax>
    </bndbox>
  </object>
  <object>
    <name>pedestrian</name>
    <bndbox>
      <xmin>89</xmin>
      <ymin>150</ymin>
      <xmax>135</xmax>
      <ymax>252</ymax>
    </bndbox>
  </object>
  <object>
    <name>pedestrian</name>
    <bndbox>
      <xmin>846</xmin>
      <ymin>88</ymin>
      <xmax>885</xmax>
      <ymax>178</ymax>
    </bndbox>
  </object>
  <object>
    <name>pedestrian</name>
    <bndbox>
      <xmin>557</xmin>
      <ymin>296</ymin>
      <xmax>602</xmax>
      <ymax>439</ymax>
    </bndbox>
  </object>
  <object>
    <name>pedestrian</name>
    <bndbox>
      <xmin>611</xmin>
      <ymin>238</ymin>
      <xmax>653</xmax>
      <ymax>367</ymax>
    </bndbox>
  </object>
  <object>
    <name>pedestrian</name>
    <bndbox>
      <xmin>62</xmin>
      <ymin>191</ymin>
      <xmax>114</xmax>
      <ymax>304</ymax>
    </bndbox>
  </object>
  <object>
    <name>pedestrian</name>
    <bndbox>
      <xmin>355</xmin>
      <ymin>57</ymin>
      <xmax>383</xmax>
      <ymax>135</ymax>
    </bndbox>
  </object>
  <object>
    <name>pedestrian</name>
    <bndbox>
      <xmin>342</xmin>
      <ymin>51</ymin>
      <xmax>370</xmax>
      <ymax>127</ymax>
    </bndbox>
  </object>
  <object>
    <name>pedestrian</name>
    <bndbox>
      <xmin>5</xmin>
      <ymin>316</ymin>
      <xmax>74</xmax>
      <ymax>464</ymax>
    </bndbox>
  </object>
</annotation>
