<annotation>
  <filename>913.jpg</filename>
  <size>
    <width>960</width>
    <height>540</height>
    <depth>3</depth>
  </size>
  <object>
    <name>pedestrian</name>
    <bndbox>
      <xmin>579</xmin>
      <ymin>-7</ymin>
      <xmax>600</xmax>
      <ymax>55</ymax>
    </bndbox>
  </object>
  <object>
    <name>pedestrian</name>
    <bndbox>
      <xmin>564</xmin>
      <ymin>-2</ymin>
      <xmax>586</xmax>
      <ymax>61</ymax>
    </bndbox>
  </object>
  <object>
    <name>pedestrian</name>
    <bndbox>
      <xmin>851</xmin>
      <ymin>212</ymin>
      <xmax>900</xmax>
      <ymax>334</ymax>
    </bndbox>
  </object>
  <object>
    <name>pedestrian</name>
    <bndbox>
      <xmin>536</xmin>
      <ymin>-1</ymin>
      <xmax>559</xmax>
      <ymax>62</ymax>
    </bndbox>
  </object>
  <object>
    <name>pedestrian</name>
    <bndbox>
      <xmin>569</xmin>
      <ymin>337</ymin>
      <xmax>619</xmax>
      <ymax>490</ymax>
    </bndbox>
  </object>
  <object>
    <name>pedestrian</name>
    <bndbox>
      <xmin>74</xmin>
      <ymin>157</ymin>
      <xmax>122</xmax>
      <ymax>261</ymax>
    </bndbox>
  </object>
  <object>
    <name>pedestrian</name>
    <bndbox>
      <xmin>853</xmin>
      <ymin>84</ymin>
      <xmax>892</xmax>
      <ymax>173</ymax>
    </bndbox>
  </object>
  <object>
    <name>pedestrian</name>
    <bndbox>
      <xmin>529</xmin>
      <ymin>299</ymin>
      <xmax>574</xmax>
      <ymax>442</ymax>
    </bndbox>
  </object>
  <object>
    <name>pedestrian</name>
    <bndbox>
      <xmin>582</xmin>
      <ymin>243</ymin>
      <xmax>624</xmax>
      <ymax>374</ymax>
    </bndbox>
  </object>
  <object>
    <name>pedestrian</name>
    <bndbox>
      <xmin>46</xmin>
      <ymin>197</ymin>
      <xmax>100</xmax>
      <ymax>312</ymax>
    </bndbox>
  </object>
  <object>
    <name>pedestrian</name>
    <bndbox>
      <xmin>343</xmin>
      <ymin>59</ymin>
      <xmax>372</xmax>
      <ymax>138</ymax>
    </bndbox>
  </object>
  <object>
    <name>pedestrian</name>
    <bndbox>
      <xmin>328</xmin>
      <ymin>54</ymin>
      <xmax>357</xmax>
      <ymax>132</ymax>
    </bndbox>
  </object>
  <object>
    <name>pedestrian</name>
    <bndbox>
      <xmin>13</xmin>
      <ymin>307</ymin>
      <xmax>80</xmax>
      <ymax>452</ymax>
    </bndbox>
  </object>
</annotation>
