<annotation>
  <filename>981.jpg</filename>
  <size>
    <width>960</width>
    <height>540</height>
    <depth>3</depth>
  </size>
  <object>
    <name>pedestrian</name>
    <bndbox>
      <xmin>877</xmin>
      <ymin>279</ymin>
      <xmax>935</xmax>
      <ymax>421</ymax>
    </bndbox>
  </object>
  <object>
    <name>pedestrian</name>
    <bndbox>
      <xmin>870</xmin>
      <ymin>68</ymin>
      <xmax>910</xmax>
      <ymax>154</ymax>
    </bndbox>
  </object>
  <object>
    <name>pedestrian</name>
    <bndbox>
      <xmin>219</xmin>
      <ymin>316</ymin>
      <xmax>276</xmax>
      <ymax>462</ymax>
    </bndbox>
  </object>
  <object>
    <name>pedestrian</name>
    <bndbox>
      <xmin>272</xmin>
      <ymin>261</ymin>
      <xmax>322</xmax>
      <ymax>393</ymax>
    </bndbox>
  </object>
  <object>
    <name>pedestrian</name>
    <bndbox>
      <xmin>222</xmin>
      <ymin>102</ymin>
      <xmax>258</xmax>
      <ymax>192</ymax>
    </bndbox>
  </object>
  <object>
    <name>pedestrian</name>
    <bndbox>
      <xmin>206</xmin>
      <ymin>102</ymin>
      <xmax>242</xmax>
      <ymax>191</ymax>
    </bndbox>
  </object>
  <object>
    <name>pedestrian</name>
    <bndbox>
      <xmin>86</xmin>
      <ymin>240</ymin>
      <xmax>141</xmax>
      <ymax>366</ymax>
    </bndbox>
  </object>
  <object>
    <name>pedestrian</name>
    <bndbox>
      <xmin>809</xmin>
      <ymin>253</ymin>
      <xmax>860</xmax>
      <ymax>386</ymax>
    </bndbox>
  </object>
  <object>
    <name>pedestrian</name>
    <bndbox>
      <xmin>69</xmin>
      <ymin>173</ymin>
      <xmax>118</xmax>
      <ymax>281</ymax>
    </bndbox>
  </object>
</annotation>
