<annotation>
  <filename>989.jpg</filename>
  <size>
    <width>960</width>
    <height>540</height>
    <depth>3</depth>
  </size>
  <object>
    <name>pedestrian</name>
    <bndbox>
      <xmin>873</xmin>
      <ymin>289</ymin>
      <xmax>932</xmax>
      <ymax>433</ymax>
    </bndbox>
  </object>
  <object>
    <name>pedestrian</name>
    <bndbox>
      <xmin>870</xmin>
      <ymin>68</ymin>
      <xmax>909</xmax>
      <ymax>154</ymax>
    </bndbox>
  </object>
  <object>
    <name>pedestrian</name>
    <bndbox>
      <xmin>181</xmin>
      <ymin>318</ymin>
      <xmax>240</xmax>
      <ymax>464</ymax>
    </bndbox>
  </object>
  <object>
    <name>pedestrian</name>
    <bndbox>
      <xmin>233</xmin>
      <ymin>263</ymin>
      <xmax>284</xmax>
      <ymax>396</ymax>
    </bndbox>
  </object>
  <object>
    <name>pedestrian</name>
    <bndbox>
      <xmin>206</xmin>
      <ymin>108</ymin>
      <xmax>243</xmax>
      <ymax>200</ymax>
    </bndbox>
  </object>
  <object>
    <name>pedestrian</name>
    <bndbox>
      <xmin>189</xmin>
      <ymin>106</ymin>
      <xmax>226</xmax>
      <ymax>197</ymax>
    </bndbox>
  </object>
  <object>
    <name>pedestrian</name>
    <bndbox>
      <xmin>100</xmin>
      <ymin>235</ymin>
      <xmax>153</xmax>
      <ymax>359</ymax>
    </bndbox>
  </object>
  <object>
    <name>pedestrian</name>
    <bndbox>
      <xmin>813</xmin>
      <ymin>243</ymin>
      <xmax>863</xmax>
      <ymax>373</ymax>
    </bndbox>
  </object>
  <object>
    <name>pedestrian</name>
    <bndbox>
      <xmin>93</xmin>
      <ymin>160</ymin>
      <xmax>140</xmax>
      <ymax>265</ymax>
    </bndbox>
  </object>
</annotation>
